Year,Province,Regency/City,Plastic per day (ton),Plastic per year (ton)
2019,Aceh,Kab. Aceh Selatan,17.468853000000003,6375.918288
2019,Aceh,Kab. Aceh Tengah,25.2425,9213.435
2019,Aceh,Kab. Simeulue,15.495899999999999,5655.5593499999995
2019,Aceh,Kab. Gayo Lues,6.3988000000000005,2335.5620000000004
2019,Aceh,Kab. Bener Meriah,11.816469000000001,4312.69251
2019,Aceh,Kota Banda Aceh,16.224800000000002,5922.049280000001
2019,Aceh,Kota Sabang,3.935181,1436.133471
2019,Aceh,Kota Langsa,6.6206000000000005,2416.5827000000004
2020,Aceh,Kab. Aceh Timur,14.976,5466.107400000001
2020,Aceh,Kab. Aceh Tengah,26.403,9637.459
2020,Aceh,Kab. Simeulue,15.560414999999997,5680.033829999999
2020,Aceh,Kab. Aceh Jaya,9.057645333333335,3305.827033833333
2020,Aceh,Kab. Bener Meriah,9.6975,3539.631
2020,Aceh,Kota Banda Aceh,16.54372,6038.40816
2020,Aceh,Kota Sabang,5.1654435,1885.3418243333335
2020,Aceh,Kota Langsa,7.6136,2779.0224
2021,Aceh,Kab. Gayo Lues,6.873100000000001,2508.7308000000003
2021,Aceh,Kota Banda Aceh,41.27922,15067.13276
2021,Aceh,Kota Sabang,3.8035799999999997,1388.0106400000002
2021,Aceh,Kota Langsa,9.283,3388.3320000000003
2021,Aceh,Kota Subulussalam,6.7935,2479.3815
2022,Aceh,Kab. Aceh Selatan,20.321361588235295,7417.0505708235305
2022,Aceh,Kab. Aceh Tenggara,16.4376,5999.9346
2022,Aceh,Kab. Aceh Timur,45.0164,16430.947
2022,Aceh,Kab. Aceh Barat,18.46026,6737.92938
2022,Aceh,Kab. Pidie,63.47460000000001,23168.489610000004
2022,Aceh,Kab. Simeulue,15.939152999999997,5817.161996999999
2022,Aceh,Kab. Aceh Singkil,11.6094,4237.4948
2022,Aceh,Kab. Aceh Barat Daya,9.3204,3401.7708
2022,Aceh,Kab. Gayo Lues,10.265,3746.505
2022,Aceh,Kab. Aceh Jaya,6.609400000000001,2412.3806000000004
2022,Aceh,Kab. Nagan Raya,13.872,5063.076000000001
2022,Aceh,Kab. Aceh Tamiang,36.216,13218.84
2022,Aceh,Kab. Bener Meriah,11.878199999999998,4335.2532
2022,Aceh,Kab. Pidie Jaya,20.6778,7547.6544
2022,Aceh,Kota Banda Aceh,12.10608,4418.68224
2022,Aceh,Kota Sabang,3.9052800000000003,1425.69162
2022,Aceh,Kota Langsa,11.332799999999999,4136.4288
2022,Aceh,Kota Subulussalam,6.6726,2435.3945999999996
2019,Bali,Kab. Jembrana,36.18212,13206.394240000001
2019,Bali,Kab. Badung,38.709503600000005,14128.8786712
2019,Bali,Kab. Gianyar,74.05643700000002,27030.599505000002
2019,Bali,Kab. Bangli,4.3212,1577.2148000000002
2019,Bali,Kab. Karangasem,28.449614000000004,10384.109110000001
2019,Bali,Kab. Buleleng,34.120306,12453.986004
2019,Bali,Kota Denpasar,97.72949999999999,35671.224
2020,Bali,Kab. Jembrana,36.3987,13285.48572
2020,Bali,Kab. Tabanan,96.94439999999999,35383.9416
2020,Bali,Kab. Badung,77.65036400000001,28342.813576
2020,Bali,Kab. Gianyar,74.95728799999999,27359.099263999993
2020,Bali,Kab. Bangli,3.389278,1237.077451
2020,Bali,Kab. Karangasem,48.85922857142857,17833.618428571426
2020,Bali,Kab. Buleleng,34.80542,12703.811348000001
2020,Bali,Kota Denpasar,99.48899999999999,36313.282499999994
2021,Bali,Kab. Jembrana,35.96333,13126.45412
2021,Bali,Kab. Tabanan,96.94439999999999,35383.9416
2021,Bali,Kab. Badung,90.82603999999999,33151.67216
2021,Bali,Kab. Gianyar,66.13888399999999,24140.381803999997
2021,Bali,Kab. Bangli,4.2142,1538.23848
2021,Bali,Kab. Buleleng,34.52038,12599.9387
2021,Bali,Kota Denpasar,131.18983,47884.16327999999
2022,Bali,Kab. Jembrana,31.023775999999998,11323.643967999998
2022,Bali,Kab. Badung,92.96171999999999,33930.780719999995
2022,Bali,Kab. Gianyar,75.32282285714285,27492.83034285714
2022,Bali,Kab. Klungkung,14.4382,5270.097000000001
2022,Bali,Kab. Bangli,6.1533999999999995,2245.98275
2022,Bali,Kab. Karangasem,24.9232,9096.9464
2022,Bali,Kab. Buleleng,57.667064,21048.371123
2022,Bali,Kota Denpasar,71.14868100000001,25969.268565000002
2019,Banten,Kab. Pandeglang,69.649272,25422.171347999996
2019,Banten,Kab. Lebak,76.6455,27975.6075
2019,Banten,Kab. Tangerang,615.917325,224809.90001999997
2019,Banten,Kota Tangerang,173.72859900000003,63410.778473
2019,Banten,Kota Cilegon,52.89883199999999,19308.1308
2019,Banten,Kota Tangerang Selatan,82.5008,30112.9248
2020,Banten,Kab. Lebak,77.139,28155.9315
2020,Banten,Kab. Serang,227.39516799999998,82999.31039399999
2020,Banten,Kota Cilegon,154.815426,56507.25779999999
2020,Banten,Kota Serang,104.35000000000001,38088.012
2020,Banten,Kota Tangerang Selatan,185.956272,67873.94721900001
2021,Banten,Kab. Serang,233.00076799999997,85045.354394
2021,Banten,Kota Cilegon,43.53348999999999,15889.577704
2021,Banten,Kota Tangerang Selatan,159.973814,58390.185854
2022,Banten,Kab. Lebak,88.7205,32382.785999999996
2022,Banten,Kab. Tangerang,428.81742,156518.56848000005
2022,Banten,Kab. Serang,201.9334213333333,73705.76456649999
2022,Banten,Kota Tangerang,271.608798,99137.146392
2022,Banten,Kota Cilegon,36.457600000000006,13307.052800000001
2022,Banten,Kota Serang,117.25841500000001,42799.53601
2022,Banten,Kota Tangerang Selatan,168.848568,61629.637048
2019,Bengkulu,Kab. Bengkulu Selatan,5.0688,1850.2168
2019,Bengkulu,Kab. Bengkulu Utara,11.2896,4120.72227
2019,Bengkulu,Kab. Lebong,4.5066,1644.8481
2019,Bengkulu,Kab. Kepahiang,5.772899999999999,2107.23135
2019,Bengkulu,Kab. Bengkulu Tengah,9.847,3594.4061199999996
2020,Bengkulu,Kab. Lebong,7.756200000000001,2830.8545999999997
2020,Bengkulu,Kab. Kepahiang,10.108799999999999,3689.7911999999997
2020,Bengkulu,Kab. Bengkulu Tengah,10.461599999999999,3818.6820000000002
2021,Bengkulu,Kab. Seluma,8.5408,3117.2896
2022,Bengkulu,Kab. Bengkulu Utara,11.945430000000002,4360.08636
2022,Bengkulu,Kab. Seluma,9.4725,3457.5444
2022,Bengkulu,Kab. Lebong,10.361301999999998,3782.105424
2019,D.I. Yogyakarta,Kab. Kulon Progo,29.143128,10637.518962
2019,D.I. Yogyakarta,Kab. Bantul,34.46704,12580.454099999999
2019,D.I. Yogyakarta,Kab. Gunungkidul,41.13638466666666,15014.901278666663
2019,D.I. Yogyakarta,Kab. Sleman,79.72298399999998,29099.04538566666
2019,D.I. Yogyakarta,Kota Yogyakarta,39.05548399999999,14255.355243999998
2020,D.I. Yogyakarta,Kab. Kulon Progo,30.059231999999998,10971.493973999999
2020,D.I. Yogyakarta,Kab. Bantul,127.997697,46718.930703
2020,D.I. Yogyakarta,Kab. Gunungkidul,62.937105333333335,22972.228381333334
2020,D.I. Yogyakarta,Kab. Sleman,122.46687666666666,44700.116879333335
2020,D.I. Yogyakarta,Kota Yogyakarta,38.929241,14209.271154
2021,D.I. Yogyakarta,Kab. Kulon Progo,30.503507999999997,11133.47907
2021,D.I. Yogyakarta,Kab. Sleman,103.0165785,37600.8466795
2021,D.I. Yogyakarta,Kota Yogyakarta,35.32646,12894.232351
2022,D.I. Yogyakarta,Kab. Kulon Progo,30.537948,11146.628262
2022,D.I. Yogyakarta,Kab. Gunungkidul,91.16513549999999,33275.3806515
2022,D.I. Yogyakarta,Kota Yogyakarta,94.121865,34354.5273
2019,DKI Jakarta,Kab. Adm. Kep. Seribu,0.15309000000000003,55.89108
2019,DKI Jakarta,Kota Adm. Jakarta Utara,11.94804,4361.049180000001
2019,DKI Jakarta,Kota Adm. Jakarta Selatan,17.14167,6256.710360000001
2019,DKI Jakarta,Kota Adm. Jakarta Timur,20.28294,7403.266710000001
2020,DKI Jakarta,Kab. Adm. Kep. Seribu,0.15606,56.96316
2020,DKI Jakarta,Kota Adm. Jakarta Pusat,16.345719,5966.210461499999
2020,DKI Jakarta,Kota Adm. Jakarta Utara,25.949123999999998,9471.4579305
2020,DKI Jakarta,Kota Adm. Jakarta Barat,58.567509,21377.1096
2020,DKI Jakarta,Kota Adm. Jakarta Selatan,37.17135,13567.5355905
2020,DKI Jakarta,Kota Adm. Jakarta Timur,43.9873875,16055.4308805
2021,DKI Jakarta,Kab. Adm. Kep. Seribu,1.4348186250000001,523.5605932499999
2021,DKI Jakarta,Kota Adm. Jakarta Pusat,69.0040269375,25186.537420124998
2021,DKI Jakarta,Kota Adm. Jakarta Utara,110.31247143750001,40264.077318375
2021,DKI Jakarta,Kota Adm. Jakarta Barat,162.6597361875,59370.9225980625
2021,DKI Jakarta,Kota Adm. Jakarta Selatan,157.776304125,57588.289932187494
2021,DKI Jakarta,Kota Adm. Jakarta Timur,186.7251135,68154.81056081249
2022,DKI Jakarta,Kab. Adm. Kep. Seribu,3.431302,1252.661144
2022,DKI Jakarta,Kota Adm. Jakarta Pusat,163.03959,59509.504054000005
2022,DKI Jakarta,Kota Adm. Jakarta Utara,262.466792,95800.40785
2022,DKI Jakarta,Kota Adm. Jakarta Barat,388.09195600000004,141653.462286
2022,DKI Jakarta,Kota Adm. Jakarta Selatan,374.82515,136811.10303
2022,DKI Jakarta,Kota Adm. Jakarta Timur,443.637236,161927.61607400002
2019,Gorontalo,Kab. Gorontalo,1.4656,534.9557
2019,Gorontalo,Kab. Pohuwato,13.034559999999997,4757.41728
2019,Gorontalo,Kota Gorontalo,48.943999999999996,17864.1645
2020,Gorontalo,Kab. Gorontalo,1.4659,535.0623
2020,Gorontalo,Kab. Pohuwato,21.171511,7728.179343999999
2021,Gorontalo,Kota Gorontalo,42.363,15462.449999999999
2022,Gorontalo,Kab. Gorontalo,1.5825,577.6271
2022,Gorontalo,Kab. Bone Bolango,9.922139999999999,3621.5811
2022,Gorontalo,Kab. Pohuwato,21.15064,7719.40722
2022,Gorontalo,Kota Gorontalo,50.94,18592.7436
2019,Jambi,Kab. Merangin,28.823999999999998,10521.006
2019,Jambi,Kab. Sarolangun,13.476816000000003,4919.168412000001
2019,Jambi,Kab. Batanghari,16.919,6175.475600000001
2019,Jambi,Kab. Muaro Jambi,8.930232,3259.6976160000004
2019,Jambi,Kab. Bungo,6.691776000000001,2442.4915200000005
2019,Jambi,Kota Jambi,47.257020000000004,17248.653828000002
2019,Jambi,Kota Sungai Penuh,5.632452000000001,2055.7233360000005
2020,Jambi,Kab. Merangin,44.9489,16406.475000000002
2020,Jambi,Kab. Sarolangun,19.883948999999998,7257.380482999999
2020,Jambi,Kab. Batanghari,17.164,6265.0238
2020,Jambi,Kab. Muaro Jambi,14.585494,5324.003739
2020,Jambi,Kab. Tanjung Jabung Barat,50.091,18282.777
2020,Jambi,Kab. Bungo,6.825728000000002,2491.345024
2020,Jambi,Kab. Tebo,24.137009,8809.851029
2020,Jambi,Kota Sungai Penuh,8.772383000000001,3201.658893
2021,Jambi,Kab. Merangin,9.9375,3627.2515000000003
2021,Jambi,Kab. Bungo,9.168600000000001,3346.62514
2021,Jambi,Kota Jambi,190.898019,69677.746086
2022,Jambi,Kab. Merangin,47.177141999999996,17219.869224
2022,Jambi,Kab. Sarolangun,27.469216,10026.26384
2022,Jambi,Kab. Bungo,9.35209,3413.56477
2022,Jambi,Kota Jambi,192.80625,70374.506007
2022,Jambi,Kota Sungai Penuh,10.024000000000001,3659.0879999999997
2019,Jawa Barat,Kab. Sukabumi,268.106366,97858.44004799999
2019,Jawa Barat,Kab. Ciamis,28.366000000000003,10353.597500000002
2019,Jawa Barat,Kab. Sumedang,55.04528700000001,20091.621516000003
2019,Jawa Barat,Kab. Subang,132.75141250000001,48454.142922499996
2019,Jawa Barat,Kab. Bekasi,231.858585,84628.15102
2019,Jawa Barat,Kab. Pangandaran,21.7060025,7922.89659
2019,Jawa Barat,Kota Bogor,65.81,24020.533
2019,Jawa Barat,Kota Sukabumi,10.6776,3897.3666
2019,Jawa Barat,Kota Depok,323.88167999999996,118216.843104
2019,Jawa Barat,Kota Cimahi,42.32904,15450.09648
2019,Jawa Barat,Kota Tasikmalaya,15.765300000000002,5754.284820000001
2020,Jawa Barat,Kab. Bandung,264.27,96458.37800000001
2020,Jawa Barat,Kab. Ciamis,28.756500000000003,10496.035000000002
2020,Jawa Barat,Kab. Cirebon,174.84368999999998,63817.73761999999
2020,Jawa Barat,Kab. Sumedang,55.382163,20214.605139
2020,Jawa Barat,Kab. Bekasi,270.46749333333327,98720.47992333332
2020,Jawa Barat,Kab. Pangandaran,24.3817,8899.15397
2020,Jawa Barat,Kota Bogor,67.376,24592.233
2020,Jawa Barat,Kota Sukabumi,22.31538,8145.299204999999
2020,Jawa Barat,Kota Bandung,257.14993999999996,93859.77652999999
2020,Jawa Barat,Kota Depok,276.716664,101001.66352799999
2020,Jawa Barat,Kota Cimahi,38.91108666666666,14202.358753333332
2020,Jawa Barat,Kota Tasikmalaya,15.784200000000002,5761.17954
2020,Jawa Barat,Kota Banjar,20.616788,7525.55847
2021,Jawa Barat,Kab. Bandung,261.9447358181818,95609.56421872728
2021,Jawa Barat,Kab. Garut,229.61229999999998,83808.46694999999
2021,Jawa Barat,Kab. Ciamis,85.815,31322.7375
2021,Jawa Barat,Kab. Cirebon,255.4990196363636,93257.3073890909
2021,Jawa Barat,Kab. Sumedang,176.94400000000002,64585.15600000001
2021,Jawa Barat,Kab. Indramayu,394.73795999999993,144078.9795
2021,Jawa Barat,Kota Bogor,101.064,36888.3495
2021,Jawa Barat,Kota Sukabumi,22.730786,8296.831465
2021,Jawa Barat,Kota Bandung,265.95584999999994,97073.76500999999
2021,Jawa Barat,Kota Cirebon,38.869747000000004,14187.457655000002
2021,Jawa Barat,Kota Bekasi,370.65443999999997,135288.933
2021,Jawa Barat,Kota Depok,280.700304,102455.53619999999
2021,Jawa Barat,Kota Cimahi,42.86412,15645.149519999999
2022,Jawa Barat,Kab. Bandung,247.68195899999998,90403.63321849999
2022,Jawa Barat,Kab. Garut,228.01125,83223.75774999999
2022,Jawa Barat,Kab. Ciamis,114.93599999999999,41951.698000000004
2022,Jawa Barat,Kab. Kuningan,95.904,35005.136
2022,Jawa Barat,Kab. Sumedang,177.08800000000002,64636.808
2022,Jawa Barat,Kab. Indramayu,398.68670000000003,145520.22306
2022,Jawa Barat,Kab. Karawang,140.5516,51301.10860000001
2022,Jawa Barat,Kab. Bekasi,434.3738087499999,158546.70077749997
2022,Jawa Barat,Kota Bogor,111.669,40759.1355
2022,Jawa Barat,Kota Sukabumi,30.713605,11210.578223
2022,Jawa Barat,Kota Bandung,266.22805999999997,97173.37883999999
2022,Jawa Barat,Kota Bekasi,285.57828,104235.924
2022,Jawa Barat,Kota Cimahi,42.971759999999996,15684.601920000001
2022,Jawa Barat,Kota Tasikmalaya,17.23194,6289.701300000001
2022,Jawa Barat,Kota Banjar,16.536451749999998,6035.467094999999
2019,Jawa Tengah,Kab. Cilacap,149.90639000000002,54716.08686
2019,Jawa Tengah,Kab. Kebumen,52.8502,19290.2606
2019,Jawa Tengah,Kab. Purworejo,34.4796,12584.896799999999
2019,Jawa Tengah,Kab. Wonosobo,63.24,23082.338000000003
2019,Jawa Tengah,Kab. Boyolali,55.54651,20274.315297
2019,Jawa Tengah,Kab. Klaten,70.5,25732.194000000003
2019,Jawa Tengah,Kab. Sukoharjo,51.36534,18748.554084
2019,Jawa Tengah,Kab. Wonogiri,51.56246000000001,18820.366398000002
2019,Jawa Tengah,Kab. Sragen,59.133030000000005,21583.69359
2019,Jawa Tengah,Kab. Grobogan,110.871,40467.861
2019,Jawa Tengah,Kab. Rembang,78.852605,28780.94934
2019,Jawa Tengah,Kab. Pati,76.86027157894736,28053.976128947368
2019,Jawa Tengah,Kab. Kudus,39.22559999999999,14317.4916
2019,Jawa Tengah,Kab. Jepara,135.028881,49285.47286
2019,Jawa Tengah,Kab. Semarang,95.8958,35002.24
2019,Jawa Tengah,Kab. Kendal,43.554328,15897.156484
2019,Jawa Tengah,Kab. Batang,35.35002157894737,12903.032311578947
2019,Jawa Tengah,Kab. Pemalang,78.168,28531.582000000002
2019,Jawa Tengah,Kab. Brebes,63.3185,23111.2014
2019,Jawa Tengah,Kota Magelang,0.6831200000000001,249.35168
2019,Jawa Tengah,Kota Semarang,215.29412,78582.2162
2020,Jawa Tengah,Kab. Cilacap,154.311876,56323.747714000005
2020,Jawa Tengah,Kab. Purworejo,25.926299999999998,9463.2174
2020,Jawa Tengah,Kab. Wonosobo,70.33,25670.420000000002
2020,Jawa Tengah,Kab. Magelang,121.88288999999999,44486.92907
2020,Jawa Tengah,Kab. Boyolali,54.86346188888889,20025.19407655556
2020,Jawa Tengah,Kab. Sukoharjo,55.329519999999995,20195.252
2020,Jawa Tengah,Kab. Wonogiri,109.36,39915.9625
2020,Jawa Tengah,Kab. Sragen,60.37703,22037.64872
2020,Jawa Tengah,Kab. Blora,148.568,54227.3
2020,Jawa Tengah,Kab. Rembang,82.02545,29938.986090000002
2020,Jawa Tengah,Kab. Pati,124.79898933333335,45551.665404666666
2020,Jawa Tengah,Kab. Kudus,84.00914011111112,30663.19704311111
2020,Jawa Tengah,Kab. Jepara,136.828952,49942.31229
2020,Jawa Tengah,Kab. Semarang,101.346,36991.1171
2020,Jawa Tengah,Kab. Temanggung,52.456796,19146.89966
2020,Jawa Tengah,Kab. Kendal,46.07694,16818.165663000003
2020,Jawa Tengah,Kab. Batang,45.829749777777785,16727.53855422222
2020,Jawa Tengah,Kab. Pemalang,97.925,35742.6625
2020,Jawa Tengah,Kab. Tegal,147.69265,53907.85494999999
2020,Jawa Tengah,Kab. Brebes,148.40699999999998,54168.528
2020,Jawa Tengah,Kota Magelang,19.26615,7032.45865
2020,Jawa Tengah,Kota Salatiga,21.727783000000002,7930.461683222224
2020,Jawa Tengah,Kota Semarang,219.59928,80153.85587999999
2021,Jawa Tengah,Kab. Cilacap,154.93747800000003,56551.964368
2021,Jawa Tengah,Kab. Banyumas,160.569,58607.325
2021,Jawa Tengah,Kab. Purbalingga,92.797785,33871.358510000005
2021,Jawa Tengah,Kab. Purworejo,25.993799999999997,9487.8162
2021,Jawa Tengah,Kab. Wonosobo,73.35440869565218,26774.654208173914
2021,Jawa Tengah,Kab. Magelang,122.01534999999998,44535.27697
2021,Jawa Tengah,Kab. Boyolali,58.77446217391305,21452.49480226087
2021,Jawa Tengah,Kab. Klaten,88.84015,32426.553914999997
2021,Jawa Tengah,Kab. Sukoharjo,57.260385,20900.249207999997
2021,Jawa Tengah,Kab. Wonogiri,109.8425,40092.4025
2021,Jawa Tengah,Kab. Karanganyar,72.368,26414.378000000004
2021,Jawa Tengah,Kab. Sragen,66.23720999999999,24176.606509999998
2021,Jawa Tengah,Kab. Blora,90.74000000000001,33120.632000000005
2021,Jawa Tengah,Kab. Rembang,84.62987000000001,30890.06102
2021,Jawa Tengah,Kab. Pati,133.79399573913045,48835.10347904348
2021,Jawa Tengah,Kab. Jepara,86.81736,31688.1628
2021,Jawa Tengah,Kab. Demak,166.65075900000002,60827.829252
2021,Jawa Tengah,Kab. Semarang,157.96499999999997,57656.7
2021,Jawa Tengah,Kab. Temanggung,74.57534700000001,27220.137336
2021,Jawa Tengah,Kab. Batang,51.86560000000001,18930.7808
2021,Jawa Tengah,Kab. Pekalongan,34.8777,12730.308299999999
2021,Jawa Tengah,Kab. Pemalang,118.9432643478261,43413.96614095653
2021,Jawa Tengah,Kab. Tegal,221.3442,80790.4317
2021,Jawa Tengah,Kab. Brebes,108.15090000000001,39475.1786
2021,Jawa Tengah,Kota Magelang,17.3462,6331.30495
2021,Jawa Tengah,Kota Salatiga,22.681264000000002,8278.992768347827
2021,Jawa Tengah,Kota Semarang,202.98408,74088.957
2021,Jawa Tengah,Kota Tegal,28.219800000000003,10300.292800000001
2022,Jawa Tengah,Kab. Cilacap,156.12792800000003,56986.55907600001
2022,Jawa Tengah,Kab. Banyumas,161.06699999999998,58789.346999999994
2022,Jawa Tengah,Kab. Purbalingga,94.28420799999999,34413.73591999999
2022,Jawa Tengah,Kab. Kebumen,55.566,20281.608
2022,Jawa Tengah,Kab. Purworejo,43.4355,15854.133
2022,Jawa Tengah,Kab. Wonosobo,37.027875,13515.306815999998
2022,Jawa Tengah,Kab. Boyolali,55.124611400000006,20120.58491212
2022,Jawa Tengah,Kab. Klaten,96.77450999999999,35322.86772
2022,Jawa Tengah,Kab. Sukoharjo,61.634976,22496.815627
2022,Jawa Tengah,Kab. Wonogiri,86.93,31729.4625
2022,Jawa Tengah,Kab. Karanganyar,75.104,27413.194000000003
2022,Jawa Tengah,Kab. Sragen,66.10015999999999,24126.74656
2022,Jawa Tengah,Kab. Grobogan,160.04509036000002,58416.778309
2022,Jawa Tengah,Kab. Blora,145.559,53128.465000000004
2022,Jawa Tengah,Kab. Rembang,86.85878500000001,31702.957000000002
2022,Jawa Tengah,Kab. Kudus,81.968464,29918.589955
2022,Jawa Tengah,Kab. Jepara,96.329632,35160.635712
2022,Jawa Tengah,Kab. Demak,158.9214,58006.5992
2022,Jawa Tengah,Kab. Semarang,99.85176575999999,36446.032054840005
2022,Jawa Tengah,Kab. Temanggung,69.784416,25471.184527999998
2022,Jawa Tengah,Kab. Kendal,21.566526,7871.743592000001
2022,Jawa Tengah,Kab. Batang,90.7648,33128.865600000005
2022,Jawa Tengah,Kab. Pemalang,111.86593504,40831.31313028
2022,Jawa Tengah,Kab. Tegal,117.54820000000001,42905.2722
2022,Jawa Tengah,Kab. Brebes,251.3275,91734.4
2022,Jawa Tengah,Kota Magelang,17.30965,6317.6933
2022,Jawa Tengah,Kota Surakarta,85.53071700000001,31218.620785000003
2022,Jawa Tengah,Kota Salatiga,6.324464,2308.422712
2022,Jawa Tengah,Kota Semarang,203.14231999999998,74146.65783999999
2022,Jawa Tengah,Kota Tegal,40.971784320000005,14954.77099516
2019,Jawa Timur,Kab. Pacitan,48.990759999999995,17881.52592
2019,Jawa Timur,Kab. Trenggalek,46.76825026923076,17070.52255253846
2019,Jawa Timur,Kab. Tulungagung,23.37795,8532.9846
2019,Jawa Timur,Kab. Blitar,41.56100000000001,15169.714000000002
2019,Jawa Timur,Kab. Kediri,77.0721753076923,28131.49479857692
2019,Jawa Timur,Kab. Malang,158.03996800000002,57684.67624800001
2019,Jawa Timur,Kab. Lumajang,89.06230000000001,32507.963780000005
2019,Jawa Timur,Kab. Banyuwangi,265.90067200000004,97053.94329600001
2019,Jawa Timur,Kab. Bondowoso,72.29475000000001,26387.573630000003
2019,Jawa Timur,Kab. Situbondo,30.7344,11217.913199999999
2019,Jawa Timur,Kab. Probolinggo,78.77427999999999,28752.563189999997
2019,Jawa Timur,Kab. Pasuruan,175.49861699999997,64056.8398236923
2019,Jawa Timur,Kab. Sidoarjo,134.63230000000001,49140.7015
2019,Jawa Timur,Kab. Nganjuk,64.26083415384615,23455.449724884613
2019,Jawa Timur,Kab. Madiun,53.822097,19645.209288
2019,Jawa Timur,Kab. Ngawi,73.084,26675.748
2019,Jawa Timur,Kab. Bojonegoro,178.059,64990.9225
2019,Jawa Timur,Kab. Tuban,54.099384,19746.155042
2019,Jawa Timur,Kab. Gresik,53.55075000000001,19545.78285
2019,Jawa Timur,Kab. Sampang,30.17916,11015.3934
2019,Jawa Timur,Kab. Pamekasan,41.028281961538454,14975.261982115384
2019,Jawa Timur,Kab. Sumenep,62.42265999999999,22784.442466999997
2019,Jawa Timur,Kota Kediri,35.395199999999996,12918.811199999998
2019,Jawa Timur,Kota Blitar,6.45554,2356.20567
2019,Jawa Timur,Kota Malang,46.932900000000004,17130.416800000003
2019,Jawa Timur,Kota Probolinggo,16.84032,6147.004989999999
2019,Jawa Timur,Kota Pasuruan,11.552640000000002,4216.5833600000005
2019,Jawa Timur,Kota Mojokerto,8.706185,3177.9296849999996
2019,Jawa Timur,Kota Madiun,4.6708,1704.8896
2019,Jawa Timur,Kota Surabaya,432.39808800000003,157825.63065600002
2019,Jawa Timur,Kota Batu,9.3056,3396.5752
2020,Jawa Timur,Kab. Pacitan,48.5826,17732.3668
2020,Jawa Timur,Kab. Ponorogo,50.83526761111111,18554.872678055555
2020,Jawa Timur,Kab. Trenggalek,87.029,31765.628499999995
2020,Jawa Timur,Kab. Blitar,31.692749999999997,11567.82525
2020,Jawa Timur,Kab. Lumajang,91.26571999999999,33312.073339999995
2020,Jawa Timur,Kab. Bondowoso,72.65654,26519.25507
2020,Jawa Timur,Kab. Situbondo,37.76425688888889,13783.860576888886
2020,Jawa Timur,Kab. Probolinggo,77.47805,28279.63697
2020,Jawa Timur,Kab. Sidoarjo,119.4864,43612.459
2020,Jawa Timur,Kab. Jombang,76.766161,28019.90357472222
2020,Jawa Timur,Kab. Nganjuk,27.110454,9895.343914000001
2020,Jawa Timur,Kab. Magetan,40.667631666666665,14843.685558333333
2020,Jawa Timur,Kab. Ngawi,112.15512,40936.34952
2020,Jawa Timur,Kab. Tuban,54.342926,19835.017015999998
2020,Jawa Timur,Kab. Gresik,52.448,19143.7392
2020,Jawa Timur,Kab. Pamekasan,39.63237616666666,14465.929417111109
2020,Jawa Timur,Kab. Sumenep,47.948840000000004,17501.554614
2020,Jawa Timur,Kota Kediri,21.9762465,8021.56876561111
2020,Jawa Timur,Kota Blitar,6.785869999999999,2476.99179
2020,Jawa Timur,Kota Malang,98.68853344444443,36021.24044838889
2020,Jawa Timur,Kota Probolinggo,17.59885,6423.714424000001
2020,Jawa Timur,Kota Pasuruan,8.034953999999999,2932.720638
2020,Jawa Timur,Kota Mojokerto,1.9554,713.7102
2020,Jawa Timur,Kota Madiun,4.7268,1725.342
2020,Jawa Timur,Kota Surabaya,432.077328,157707.99144
2021,Jawa Timur,Kab. Pacitan,48.7441,17791.3211
2021,Jawa Timur,Kab. Ponorogo,84.885042,30983.232962
2021,Jawa Timur,Kab. Trenggalek,42.559528799999995,15533.974647
2021,Jawa Timur,Kab. Blitar,30.74475,11221.78725
2021,Jawa Timur,Kab. Kediri,60.37504200000001,22037.055456000002
2021,Jawa Timur,Kab. Lumajang,89.26700000000001,32582.714880000003
2021,Jawa Timur,Kab. Banyuwangi,272.875086,99599.334516
2021,Jawa Timur,Kab. Situbondo,37.2330726,13589.860120199999
2021,Jawa Timur,Kab. Jombang,66.29625,24197.93
2021,Jawa Timur,Kab. Nganjuk,54.59601000000001,19927.687560000002
2021,Jawa Timur,Kab. Magetan,53.664,19587.710000000003
2021,Jawa Timur,Kab. Ngawi,109.15632000000001,39842.43318
2021,Jawa Timur,Kab. Bojonegoro,77.67447,28351.371211799997
2021,Jawa Timur,Kab. Tuban,55.449334,20238.807447999996
2021,Jawa Timur,Kab. Lamongan,39.9492,14581.458
2021,Jawa Timur,Kab. Pamekasan,35.958000000000006,13124.442500000001
2021,Jawa Timur,Kab. Sumenep,63.67735199999999,23242.408512999995
2021,Jawa Timur,Kota Kediri,24.555749999999996,8962.758849999998
2021,Jawa Timur,Kota Blitar,6.842289999999999,2497.2702299999996
2021,Jawa Timur,Kota Malang,98.1289884,35816.9750766
2021,Jawa Timur,Kota Probolinggo,19.188459,7003.729912000001
2021,Jawa Timur,Kota Pasuruan,8.193119999999999,2990.5748519999997
2021,Jawa Timur,Kota Madiun,4.7884,1747.81
2021,Jawa Timur,Kota Surabaya,258.07179779999996,94195.98468359999
2021,Jawa Timur,Kota Batu,4.5768,1670.4988
2022,Jawa Timur,Kab. Pacitan,100.6845,36749.986
2022,Jawa Timur,Kab. Ponorogo,83.694226,30548.072896000005
2022,Jawa Timur,Kab. Trenggalek,35.496776000000004,12956.153588000001
2022,Jawa Timur,Kab. Tulungagung,69.22875,25268.6075
2022,Jawa Timur,Kab. Kediri,74.392656,27153.31944
2022,Jawa Timur,Kab. Malang,146.58603399999998,53503.710134
2022,Jawa Timur,Kab. Lumajang,93.36278000000001,34077.409360000005
2022,Jawa Timur,Kab. Jember,304.407,111108.72899999999
2022,Jawa Timur,Kab. Banyuwangi,132.1970708888889,48252.14202333334
2022,Jawa Timur,Kab. Situbondo,61.7376,22534.015199999998
2022,Jawa Timur,Kab. Mojokerto,97.16641200000001,35465.573927
2022,Jawa Timur,Kab. Jombang,66.29625,24197.93
2022,Jawa Timur,Kab. Nganjuk,54.627990000000004,19939.25202
2022,Jawa Timur,Kab. Magetan,41.3625,15097.180499999999
2022,Jawa Timur,Kab. Ngawi,109.56942,39993.04638
2022,Jawa Timur,Kab. Bojonegoro,26.3263,9608.9952
2022,Jawa Timur,Kab. Tuban,55.685162,20325.218574
2022,Jawa Timur,Kab. Gresik,45.316013999999996,16540.342794
2022,Jawa Timur,Kab. Sampang,69.6615,25426.6935
2022,Jawa Timur,Kab. Pamekasan,36.023,13148.2715
2022,Jawa Timur,Kab. Sumenep,58.827704666666676,21471.87019422222
2022,Jawa Timur,Kota Kediri,21.430799999999998,7822.043999999999
2022,Jawa Timur,Kota Blitar,6.91418,2523.6757
2022,Jawa Timur,Kota Malang,104.47031399999999,38131.667342
2022,Jawa Timur,Kota Probolinggo,18.742164,6841.227435
2022,Jawa Timur,Kota Pasuruan,50.50831800000001,18435.518775
2022,Jawa Timur,Kota Mojokerto,8.999394999999998,3284.534385
2022,Jawa Timur,Kota Madiun,4.846,1768.7920000000001
2022,Jawa Timur,Kota Surabaya,289.7092693333334,105743.91903955558
2022,Jawa Timur,Kota Batu,5.409199999999999,1974.3784
2019,Kalimantan Barat,Kab. Sambas,67.9,24783.2725
2019,Kalimantan Barat,Kab. Mempawah,14.054,5130.040000000001
2019,Kalimantan Barat,Kab. Sanggau,61.1380044,22315.5614352
2019,Kalimantan Barat,Kab. Ketapang,107.0412,39069.807
2019,Kalimantan Barat,Kab. Kapuas Hulu,48.71832,17782.660656
2019,Kalimantan Barat,Kab. Bengkayang,26.4824736,9666.2536872
2019,Kalimantan Barat,Kota Pontianak,22.8342,8334.426
2020,Kalimantan Barat,Kab. Sambas,68.6175,25045.57
2020,Kalimantan Barat,Kab. Mempawah,14.382,5249.700000000001
2020,Kalimantan Barat,Kab. Sanggau,16.94983,6186.75256
2020,Kalimantan Barat,Kab. Ketapang,108.74220000000001,39691.591799999995
2020,Kalimantan Barat,Kab. Melawi,21.747851999999998,7937.661797999999
2020,Kalimantan Barat,Kota Pontianak,23.1492,8449.401
2020,Kalimantan Barat,Kota Singkawang,44.412727999999994,16210.288818
2021,Kalimantan Barat,Kab. Sambas,69.345,25311.0625
2021,Kalimantan Barat,Kab. Mempawah,13.19952,4817.56158
2021,Kalimantan Barat,Kab. Sanggau,17.211109999999998,6282.029589999999
2021,Kalimantan Barat,Kab. Melawi,13.422615,4899.113235
2021,Kalimantan Barat,Kota Pontianak,63.60615000000001,23216.525625000002
2021,Kalimantan Barat,Kota Singkawang,18.863565,6885.31839
2022,Kalimantan Barat,Kab. Sambas,79.53,29028.0
2022,Kalimantan Barat,Kab. Mempawah,11.26002,4109.7331
2022,Kalimantan Barat,Kab. Sanggau,46.040487000000006,16804.9143015
2022,Kalimantan Barat,Kab. Kapuas Hulu,38.159046000000004,13927.582422
2022,Kalimantan Barat,Kota Pontianak,75.10805700000002,27414.1808055
2022,Kalimantan Barat,Kota Singkawang,7.32966,2675.23854
2019,Kalimantan Selatan,Kab. Tanah Laut,53.50800000000001,19530.888000000003
2019,Kalimantan Selatan,Kab. Kotabaru,19.3032,7045.872400000001
2019,Kalimantan Selatan,Kab. Barito Kuala,8.94446,3264.8856800000003
2019,Kalimantan Selatan,Kab. Tapin,24.487560000000002,8938.5285
2019,Kalimantan Selatan,Kab. Hulu Sungai Selatan,23.59071,8610.535635
2019,Kalimantan Selatan,Kab. Hulu Sungai Tengah,32.663036000000005,11921.874908000002
2019,Kalimantan Selatan,Kab. Hulu Sungai Utara,11.829212,4317.879555
2019,Kalimantan Selatan,Kab. Tanah Bumbu,21.06936,7690.466159999999
2019,Kalimantan Selatan,Kab. Balangan,7.4890799999999995,2733.3068799999996
2019,Kalimantan Selatan,Kota Banjarmasin,74.89902,27338.37333
2019,Kalimantan Selatan,Kota Banjarbaru,21.5163,7853.589900000001
2020,Kalimantan Selatan,Kab. Barito Kuala,11.171999999999999,4077.7751999999996
2020,Kalimantan Selatan,Kab. Tapin,25.654539999999997,9364.003959999998
2020,Kalimantan Selatan,Kab. Hulu Sungai Selatan,23.874630000000003,8713.831815
2020,Kalimantan Selatan,Kab. Hulu Sungai Tengah,28.50998,10406.372555999998
2020,Kalimantan Selatan,Kab. Hulu Sungai Utara,11.995505999999999,4378.341075
2020,Kalimantan Selatan,Kab. Tabalong,23.65383,8633.437629999999
2020,Kalimantan Selatan,Kab. Balangan,8.22464,3002.220936
2020,Kalimantan Selatan,Kota Banjarmasin,63.339200000000005,23118.957409000002
2020,Kalimantan Selatan,Kota Banjarbaru,31.424832,11470.268736
2021,Kalimantan Selatan,Kab. Tanah Laut,19.843600000000002,7242.709600000001
2021,Kalimantan Selatan,Kab. Kotabaru,14.3275,5229.4891
2021,Kalimantan Selatan,Kab. Banjar,77.651818,28342.894521818176
2021,Kalimantan Selatan,Kab. Barito Kuala,11.395199999999999,4159.2047999999995
2021,Kalimantan Selatan,Kab. Tapin,26.883659999999995,9812.632759999999
2021,Kalimantan Selatan,Kab. Hulu Sungai Selatan,24.338535,8883.38022
2021,Kalimantan Selatan,Kab. Hulu Sungai Tengah,25.779358999999996,9409.321557
2021,Kalimantan Selatan,Kab. Hulu Sungai Utara,13.319748,4861.68735
2021,Kalimantan Selatan,Kab. Tabalong,24.316799999999997,8875.8072
2021,Kalimantan Selatan,Kab. Tanah Bumbu,31.305686818181815,11426.297585181817
2021,Kalimantan Selatan,Kab. Balangan,8.1872,2988.4712759999998
2021,Kalimantan Selatan,Kota Banjarmasin,64.673665,23606.116308000004
2021,Kalimantan Selatan,Kota Banjarbaru,39.03627,14248.48266
2022,Kalimantan Selatan,Kab. Tanah Laut,29.142309714285712,10636.793166285714
2022,Kalimantan Selatan,Kab. Kotabaru,41.86182,15279.15081
2022,Kalimantan Selatan,Kab. Banjar,83.86883257142857,30611.81181085714
2022,Kalimantan Selatan,Kab. Barito Kuala,11.5656,4221.5796
2022,Kalimantan Selatan,Kab. Tapin,16.856302857142854,6152.610084
2022,Kalimantan Selatan,Kab. Hulu Sungai Selatan,24.536265,8956.18035
2022,Kalimantan Selatan,Kab. Hulu Sungai Tengah,21.414279999999998,7816.331282285714
2022,Kalimantan Selatan,Kab. Tabalong,24.6624,9001.881599999999
2022,Kalimantan Selatan,Kab. Tanah Bumbu,20.46966,7471.448040000001
2022,Kalimantan Selatan,Kab. Balangan,8.241294,3008.24775
2022,Kalimantan Selatan,Kota Banjarbaru,59.45283,21700.286185000004
2019,Kalimantan Tengah,Kab. Kotawaringin Barat,18.2445,6659.3955
2019,Kalimantan Tengah,Kab. Kotawaringin Timur,51.051148,18633.36512
2019,Kalimantan Tengah,Kab. Kapuas,24.05565,8780.362200000001
2019,Kalimantan Tengah,Kab. Barito Utara,10.458,3816.8199999999997
2019,Kalimantan Tengah,Kab. Katingan,6.3368459999999995,2312.88426
2019,Kalimantan Tengah,Kab. Sukamara,5.0894415,1857.4148092500002
2019,Kalimantan Tengah,Kab. Pulang Pisau,15.972627999999998,5829.918752
2019,Kalimantan Tengah,Kab. Barito Timur,17.7625,6483.259999999999
2019,Kalimantan Tengah,Kota Palangkaraya,20.965880000000002,7652.710649999999
2020,Kalimantan Tengah,Kab. Kotawaringin Barat,15.0192,5482.2012
2020,Kalimantan Tengah,Kab. Kotawaringin Timur,52.224202,19061.918822
2020,Kalimantan Tengah,Kab. Kapuas,24.9372,9102.0348
2020,Kalimantan Tengah,Kab. Barito Utara,10.458,3816.8199999999997
2020,Kalimantan Tengah,Kab. Katingan,6.513228,2377.441506
2020,Kalimantan Tengah,Kab. Sukamara,5.032652625,1836.6629709999997
2020,Kalimantan Tengah,Kab. Pulang Pisau,16.291779,5946.4993349999995
2020,Kalimantan Tengah,Kab. Barito Timur,16.7573,6116.6291
2020,Kalimantan Tengah,Kota Palangkaraya,21.806142,7959.214578
2021,Kalimantan Tengah,Kab. Kapuas,41.04,14979.6
2021,Kalimantan Tengah,Kab. Barito Utara,12.674,4625.9220000000005
2021,Kalimantan Tengah,Kab. Seruyan,20.365,7432.77
2021,Kalimantan Tengah,Kab. Gunung Mas,50.775,18532.875
2021,Kalimantan Tengah,Kab. Pulang Pisau,17.005471,6206.813465999999
2021,Kalimantan Tengah,Kab. Barito Timur,17.2087,6281.771199999999
2021,Kalimantan Tengah,Kota Palangkaraya,28.829607999999997,10522.699724999999
2022,Kalimantan Tengah,Kab. Kapuas,53.59552275000001,19561.904843250002
2022,Kalimantan Tengah,Kab. Barito Selatan,0.6696,244.39669999999998
2022,Kalimantan Tengah,Kab. Barito Utara,12.386000000000001,4520.774
2022,Kalimantan Tengah,Kab. Seruyan,20.5475,7499.8375
2022,Kalimantan Tengah,Kab. Gunung Mas,50.765,18529.18
2022,Kalimantan Tengah,Kab. Pulang Pisau,17.173841999999997,6268.864462
2022,Kalimantan Tengah,Kab. Murung Raya,13.9325,5084.9525
2022,Kalimantan Tengah,Kab. Barito Timur,17.0274,6215.3784
2022,Kalimantan Tengah,Kota Palangkaraya,29.607259,10806.826894
2019,Kalimantan Timur,Kab. Paser,15.632803999999998,5705.794775999999
2019,Kalimantan Timur,Kab. Kutai Kartanegara,16.335438,5962.515042
2019,Kalimantan Timur,Kab. Berau,42.817871999999994,15628.067996
2019,Kalimantan Timur,Kab. Kutai Timur,52.9825,19338.795
2019,Kalimantan Timur,Kab. Penajam Paser Utara,20.5029,7483.471100000001
2019,Kalimantan Timur,Kota Balikpapan,33.02064000000001,12052.654560000003
2019,Kalimantan Timur,Kota Samarinda,121.57706,44375.451779999996
2019,Kalimantan Timur,Kota Bontang,20.342,7424.544000000001
2020,Kalimantan Timur,Kab. Paser,14.808948,5405.386052
2020,Kalimantan Timur,Kab. Kutai Kartanegara,16.627830000000003,6069.169739999999
2020,Kalimantan Timur,Kab. Penajam Paser Utara,32.601207,11899.169102000002
2020,Kalimantan Timur,Kota Balikpapan,34.69104,12662.298
2020,Kalimantan Timur,Kota Samarinda,123.53123999999998,45089.20707
2020,Kalimantan Timur,Kota Bontang,18.6264,6798.572999999999
2021,Kalimantan Timur,Kab. Paser,15.725556000000001,5739.827939999999
2021,Kalimantan Timur,Kab. Kutai Kartanegara,17.495574,6385.741458
2021,Kalimantan Timur,Kab. Kutai Timur,46.6884,17041.5476
2021,Kalimantan Timur,Kab. Penajam Paser Utara,27.595733000000003,10072.552915999999
2021,Kalimantan Timur,Kota Balikpapan,35.79912,13066.549920000001
2021,Kalimantan Timur,Kota Samarinda,115.78814999999999,42262.96528999999
2021,Kalimantan Timur,Kota Bontang,18.6876,6820.9794
2022,Kalimantan Timur,Kab. Paser,16.181131999999998,5906.252308
2022,Kalimantan Timur,Kab. Kutai Kartanegara,24.662322,9001.64535
2022,Kalimantan Timur,Kab. Berau,36.115668,13182.557636
2022,Kalimantan Timur,Kab. Kutai Barat,13.728017777777778,5011.011837777778
2022,Kalimantan Timur,Kab. Kutai Timur,48.9463,17865.1051
2022,Kalimantan Timur,Kab. Penajam Paser Utara,28.630834000000004,10450.636234000001
2022,Kalimantan Timur,Kab. Mahakam Ulu,4.59,1675.392
2022,Kalimantan Timur,Kota Balikpapan,37.06056,13527.002160000002
2022,Kalimantan Timur,Kota Samarinda,116.86274999999999,42655.23011
2022,Kalimantan Timur,Kota Bontang,18.763199999999998,6848.352
2019,Kalimantan Utara,Kab. Nunukan,9.40182,3431.4449099999997
2019,Kalimantan Utara,Kota Tarakan,26.231000000000005,9574.2504
2020,Kalimantan Utara,Kab. Nunukan,9.80013,3577.2881399999997
2020,Kalimantan Utara,Kota Tarakan,29.772100000000002,10867.088500000002
2021,Kalimantan Utara,Kab. Nunukan,8.90553,3250.43325
2021,Kalimantan Utara,Kab. Tana Tidung,2.82012,1029.4055700000001
2022,Kalimantan Utara,Kab. Nunukan,9.09084,3317.86053
2022,Kalimantan Utara,Kab. Tana Tidung,3.0224699999999998,1102.89057
2019,Kepulauan Bangka Belitung,Kab. Bangka,23.9955,8758.523116
2019,Kepulauan Bangka Belitung,Kab. Bangka Selatan,14.927198,5448.273974000001
2019,Kepulauan Bangka Belitung,Kab. Bangka Tengah,11.796,4305.692999999999
2019,Kepulauan Bangka Belitung,Kota Pangkal Pinang,24.79162,9048.717552
2020,Kepulauan Bangka Belitung,Kab. Bangka,24.206284,8835.485624
2020,Kepulauan Bangka Belitung,Kab. Belitung,0.42594,155.46546
2020,Kepulauan Bangka Belitung,Kab. Bangka Tengah,11.9835,4374.021
2020,Kepulauan Bangka Belitung,Kab. Bangka Barat,8.7610805,3197.8912265
2020,Kepulauan Bangka Belitung,Kab. Belitung Timur,5.5542235,2027.3399995
2020,Kepulauan Bangka Belitung,Kota Pangkal Pinang,14.575680000000002,5319.95136
2021,Kepulauan Bangka Belitung,Kab. Bangka,22.147546999999996,8083.606893
2021,Kepulauan Bangka Belitung,Kab. Belitung,21.807,7959.993
2021,Kepulauan Bangka Belitung,Kab. Bangka Selatan,9.623612999999999,3512.618745
2021,Kepulauan Bangka Belitung,Kab. Bangka Tengah,11.688480000000002,4266.2952000000005
2021,Kepulauan Bangka Belitung,Kota Pangkal Pinang,21.6,7883.9163
2022,Kepulauan Bangka Belitung,Kab. Bangka,22.695678,8283.773134
2022,Kepulauan Bangka Belitung,Kab. Belitung,46.367999999999995,16924.685400000002
2022,Kepulauan Bangka Belitung,Kab. Bangka Tengah,11.77748,4298.738730000001
2022,Kepulauan Bangka Belitung,Kab. Belitung Timur,8.656400000000001,3159.4874000000004
2019,Kepulauan Riau,Kab. Bintan,7.233299999999999,2640.1798799999997
2019,Kepulauan Riau,Kab. Karimun,41.2096,15041.306599999998
2019,Kepulauan Riau,Kab. Natuna,5.80032,2117.2808880000002
2019,Kepulauan Riau,Kab. Lingga,3.4918400000000003,1274.68544
2019,Kepulauan Riau,Kab. Kepulauan Anambas,2.4288840000000005,886.452984
2019,Kepulauan Riau,Kota Batam,253.15410000000003,92401.1629
2019,Kepulauan Riau,Kota Tanjung Pinang,37.3178,13620.789
2020,Kepulauan Riau,Kab. Bintan,6.62408,2417.9566
2020,Kepulauan Riau,Kab. Karimun,43.413999999999994,15845.99485
2020,Kepulauan Riau,Kab. Natuna,5.673708,2071.020028
2020,Kepulauan Riau,Kab. Lingga,2.8386599999999995,1036.0701
2020,Kepulauan Riau,Kab. Kepulauan Anambas,2.346736,856.8319399999999
2020,Kepulauan Riau,Kota Batam,159.12120000000002,58079.0442
2020,Kepulauan Riau,Kota Tanjung Pinang,36.995,13503.2625
2021,Kepulauan Riau,Kab. Bintan,7.796600000000001,2845.6988
2021,Kepulauan Riau,Kab. Karimun,44.496900000000004,16241.047550000001
2021,Kepulauan Riau,Kota Tanjung Pinang,29.200325,10658.0166
2022,Kepulauan Riau,Kab. Bintan,9.170879999999999,3347.2219599999994
2022,Kepulauan Riau,Kab. Karimun,45.648399999999995,16662.0139
2022,Kepulauan Riau,Kab. Natuna,5.8219933333333325,2124.928773333333
2022,Kepulauan Riau,Kab. Lingga,2.89986,1058.4080999999999
2022,Kepulauan Riau,Kab. Kepulauan Anambas,2.2483999999999997,820.6659999999998
2022,Kepulauan Riau,Kota Batam,192.94848999999996,70426.29253333333
2022,Kepulauan Riau,Kota Tanjung Pinang,26.556669999999997,9692.879653333332
2019,Lampung,Kab. Lampung Barat,42.448,15493.212
2019,Lampung,Kab. Way Kanan,0.162495,59.311989000000004
2019,Lampung,Kab. Pringsewu,31.778,11598.794000000002
2019,Lampung,Kota Bandar Lampung,205.044,74840.514
2019,Lampung,Kota Metro,24.674157,9006.173212999998
2020,Lampung,Kab. Lampung Barat,42.966,15682.079
2020,Lampung,Kab. Way Kanan,0.23025599999999996,84.04378799999999
2020,Lampung,Kab. Pesawaran,35.87200000000001,13093.572
2020,Lampung,Kota Bandar Lampung,131.88156,48136.953839999995
2020,Lampung,Kota Metro,24.830612,9062.785853
2021,Lampung,Kab. Lampung Tengah,227.1216,82899.77279999999
2021,Lampung,Kab. Tanggamus,41.32464,15083.591040000001
2021,Lampung,Kab. Way Kanan,0.153504,56.02919200000001
2021,Lampung,Kab. Pringsewu,9.7638,3563.7696
2021,Lampung,Kota Bandar Lampung,134.01828,48916.4721
2021,Lampung,Kota Metro,25.001509000000002,9125.620588
2022,Lampung,Kab. Lampung Tengah,106.3728,38825.939999999995
2022,Lampung,Kab. Tanggamus,76.7802,28024.9935
2022,Lampung,Kab. Way Kanan,15.361600000000001,5606.8904
2022,Lampung,Kab. Pringsewu,32.546,11879.232000000002
2022,Lampung,Kab. Tulang Bawang Barat,21.842783833333332,7972.392882666667
2022,Lampung,Kota Bandar Lampung,136.84404,49948.013699999996
2022,Lampung,Kota Metro,25.141115,9176.858397
2019,Maluku,Kab. Maluku Tenggara,3.486,1272.2752000000003
2019,Maluku,Kab. Buru Selatan,9.4953,3465.7845
2019,Maluku,Kota Ambon,39.25794,14329.276579999998
2020,Maluku,Kab. Buru Selatan,7.0817000000000005,2584.7538
2020,Maluku,Kota Ambon,43.019040000000004,15701.81604
2021,Maluku,Kab. Maluku Tengah,33.04207999999999,12060.188479999999
2021,Maluku,Kab. Buru Selatan,7.1185,2598.2180000000003
2021,Maluku,Kota Tual,8.48934,3098.6833599999995
2022,Maluku,Kab. Maluku Tengah,38.225249999999996,13952.380500000001
2022,Maluku,Kab. Buru Selatan,6.8442,2498.1659999999997
2019,Maluku Utara,Kab. Halmahera Utara,17.45488,6371.10105
2019,Maluku Utara,Kota Ternate,9.831440000000002,3588.31784
2019,Maluku Utara,Kota Tidore Kepulauan,5.35602,1955.1195800000003
2020,Maluku Utara,Kab. Halmahera Utara,18.359045,6700.886877
2020,Maluku Utara,Kab. Pulau Morotai,3.7316694999999998,1362.2611809999999
2020,Maluku Utara,Kota Tidore Kepulauan,5.4162,1976.87878
2021,Maluku Utara,Kota Tidore Kepulauan,5.44216,1986.47454
2022,Maluku Utara,Kab. Halmahera Utara,18.455889999999997,6736.302467999999
2022,Maluku Utara,Kota Tidore Kepulauan,6.177754,2255.054964
2019,Nusa Tenggara Barat,Kab. Lombok Timur,50.4252,18405.38175
2019,Nusa Tenggara Barat,Kab. Lombok Utara,7.5726,2763.8415
2020,Nusa Tenggara Barat,Kab. Lombok Timur,91.8536,33526.3968
2020,Nusa Tenggara Barat,Kab. Lombok Utara,13.9327,5085.433599999999
2021,Nusa Tenggara Barat,Kab. Lombok Timur,91.8536,33526.3968
2021,Nusa Tenggara Barat,Kab. Sumbawa,52.77416399999999,19262.830211999997
2021,Nusa Tenggara Barat,Kota Mataram,23.758200000000002,8671.8681
2022,Nusa Tenggara Barat,Kab. Lombok Barat,2.251002,821.621424
2022,Nusa Tenggara Barat,Kab. Lombok Tengah,54.586999999999996,19924.255
2022,Nusa Tenggara Barat,Kab. Lombok Timur,102.1364,37279.8145
2022,Nusa Tenggara Barat,Kab. Sumbawa,52.839251999999995,19286.475462
2022,Nusa Tenggara Barat,Kab. Bima,55.398,20220.416
2022,Nusa Tenggara Barat,Kab. Lombok Utara,15.3885,5616.912
2022,Nusa Tenggara Barat,Kota Mataram,40.809121714285716,14895.363406285715
2022,Nusa Tenggara Barat,Kota Bima,16.541999999999998,6037.874
2020,Nusa Tenggara Timur,Kab. Sumba Tengah,3.846,1404.0420000000001
2020,Nusa Tenggara Timur,Kota Kupang,43.06302,15717.713220000001
2021,Nusa Tenggara Timur,Kab. Alor,18.41174,6720.2614
2021,Nusa Tenggara Timur,Kab. Manggarai Barat,9.12198,3329.53824
2021,Nusa Tenggara Timur,Kota Kupang,45.3829,16564.684699999998
2022,Nusa Tenggara Timur,Kab. Manggarai Barat,23.760800000000003,8672.2832
2022,Nusa Tenggara Timur,Kota Kupang,46.72565,17054.48915
2019,Papua,Kab. Biak Numfor,8.603343,3140.220195
2019,Papua,Kota Jayapura,16.67358,6085.9722
2020,Papua,Kab. Biak Numfor,7.3208519999999995,2672.1473459999997
2020,Papua,Kab. Keerom,8.921499999999998,3256.8059999999996
2020,Papua,Kota Jayapura,16.71582,6101.19246
2021,Papua,Kab. Jayapura,16.848,6149.374
2021,Papua,Kab. Biak Numfor,6.794246000000001,2479.9335170000004
2021,Papua,Kab. Keerom,11.0925,4048.6319999999996
2021,Papua,Kota Jayapura,14.35302,5238.823304
2022,Papua,Kab. Jayapura,21.0504,7683.26125
2022,Papua,Kab. Kepulauan Yapen,8.602519333333333,3140.056164
2022,Papua,Kab. Biak Numfor,6.835008,2494.98162
2022,Papua,Kab. Sarmi,3.132612,1143.3753100000001
2022,Papua,Kab. Waropen,2.8960000000000004,1057.04
2022,Papua,Kota Jayapura,40.774482,14882.399616000002
2018,Papua Barat,Kab. Manokwari,39.0572,14255.8104
2020,Papua Barat,Kab. Manokwari,40.7342,14867.567
2021,Papua Barat,Kab. Manokwari,41.6052,15185.4716
2022,Papua Barat,Kab. Manokwari,42.473600000000005,15503.2358
2022,Papua Barat,Kab. Teluk Wondama,4.679250000000001,1707.77835
2022,Papua Barat,Kab. Kaimana,6.3625,2322.605
2019,Papua Barat Daya,Kab. Raja Ampat,0.0,0.0
2020,Papua Barat Daya,Kab. Sorong Selatan,0.0,0.0
2020,Papua Barat Daya,Kab. Raja Ampat,0.0,0.0
2021,Papua Barat Daya,Kab. Sorong Selatan,0.0,0.0
2021,Papua Barat Daya,Kab. Tambrauw,0.0,0.0
2022,Papua Barat Daya,Kab. Sorong,0.0,0.0
2021,Papua Pegunungan,Kab. Lanny Jaya,,
2019,Papua Selatan,Kab. Asmat,7.800000000000001,2846.7080000000005
2020,Papua Selatan,Kab. Asmat,17.616,6430.1320000000005
2021,Papua Selatan,Kab. Asmat,17.86,6519.308000000001
2022,Papua Selatan,Kab. Merauke,18.21624,6649.127520000001
2022,Papua Selatan,Kab. Boven Digoel,3.9119999999999995,1427.727
2022,Papua Selatan,Kab. Asmat,18.22,6649.716
2021,Papua Tengah,Kab. Nabire,7.657980000000001,2795.3449520000004
2022,Papua Tengah,Kab. Mimika,17.90824,6536.404588
2019,Riau,Kab. Kampar,120.743,44070.992
2019,Riau,Kab. Pelalawan,41.97299999999999,15320.476499999999
2019,Riau,Kab. Rokan Hilir,120.1896,43868.817599999995
2019,Riau,Kab. Siak,48.404199999999996,17667.114400000002
2019,Riau,Kota Pekanbaru,293.6778333333333,107192.05783333333
2020,Riau,Kab. Kampar,123.15799999999999,44952.4145
2020,Riau,Kab. Indragiri Hilir,98.9769,36125.991
2020,Riau,Kab. Pelalawan,45.336,16547.64
2020,Riau,Kab. Siak,49.6782,18132.3532
2020,Riau,Kab. Kuantan Singingi,41.434599999999996,15123.266300000001
2020,Riau,Kota Pekanbaru,340.11650000000003,124143.0774
2020,Riau,Kota Dumai,49.5721,18094.2133
2021,Riau,Kab. Indragiri Hilir,138.186,50437.617000000006
2021,Riau,Kab. Siak,49.6782,18132.3532
2021,Riau,Kota Pekanbaru,96.74900000000001,35313.389
2021,Riau,Kota Dumai,13.666184999999997,4988.034154999999
2022,Riau,Kab. Indragiri Hulu,36.260000000000005,13234.638
2022,Riau,Kab. Bengkalis,13.146375999999998,4798.392099999999
2022,Riau,Kab. Rokan Hulu,73.39265999999999,26787.97952
2022,Riau,Kab. Siak,48.5342,17715.287200000002
2022,Riau,Kab. Kuantan Singingi,20.91643433333334,7634.475989166668
2022,Riau,Kota Pekanbaru,97.67200000000001,35650.331
2022,Riau,Kota Dumai,14.849839999999999,5420.06093
2019,Sulawesi Barat,Kab. Pasangkayu,4.523350000000001,1650.9564500000001
2019,Sulawesi Barat,Kab. Polewali Mandar,11.50695,4200.0465
2020,Sulawesi Barat,Kab. Pasangkayu,28.560000000000002,10424.868
2020,Sulawesi Barat,Kab. Mamuju,20.842799999999997,7607.432519999999
2020,Sulawesi Barat,Kab. Polewali Mandar,17.37755,6342.9755
2021,Sulawesi Barat,Kab. Mamuju,19.6915712,7187.641690199999
2021,Sulawesi Barat,Kab. Majene,10.9509248,3997.247671599999
2021,Sulawesi Barat,Kab. Mamuju Tengah,9.8332272,3589.2660703999995
2022,Sulawesi Barat,Kab. Mamuju,22.1231914,8074.793752799999
2022,Sulawesi Barat,Kab. Majene,11.139300799999997,4065.615601199999
2022,Sulawesi Barat,Kab. Mamuju Tengah,8.626050999999999,3148.6232103999996
2019,Sulawesi Selatan,Kab. Kepulauan Selayar,10.1715,3712.707
2019,Sulawesi Selatan,Kab. Bulukumba,21.094453846153847,7699.365552307693
2019,Sulawesi Selatan,Kab. Bantaeng,10.4496,3814.349
2019,Sulawesi Selatan,Kab. Sinjai,15.53002,5668.499639999999
2019,Sulawesi Selatan,Kab. Bone,32.353199999999994,11808.82426
2019,Sulawesi Selatan,Kab. Maros,14.37925,5248.367206
2019,Sulawesi Selatan,Kab. Pangkajene Kepulauan,17.52616307692308,6397.195908076924
2019,Sulawesi Selatan,Kab. Barru,10.9425,3993.9689999999996
2019,Sulawesi Selatan,Kab. Wajo,29.3632,10717.8381
2019,Sulawesi Selatan,Kab. Sidenreng Rappang,7.9721400000000004,2909.8020600000004
2019,Sulawesi Selatan,Kab. Enrekang,18.784000000000002,6856.072
2019,Sulawesi Selatan,Kab. Luwu Utara,9.144639999999999,3337.732264
2019,Sulawesi Selatan,Kab. Luwu Timur,17.6295,6434.7015
2019,Sulawesi Selatan,Kota Parepare,8.94138,3263.6927600000004
2019,Sulawesi Selatan,Kota Palopo,10.377,3787.696
2020,Sulawesi Selatan,Kab. Kepulauan Selayar,10.281,3752.3189999999995
2020,Sulawesi Selatan,Kab. Bulukumba,17.197,6276.876
2020,Sulawesi Selatan,Kab. Bantaeng,11.263000000000002,4110.7906
2020,Sulawesi Selatan,Kab. Bone,32.919079999999994,12015.479679999999
2020,Sulawesi Selatan,Kab. Maros,13.734772000000001,5013.334426
2020,Sulawesi Selatan,Kab. Pangkajene Kepulauan,17.210497846153846,6282.00931723077
2020,Sulawesi Selatan,Kab. Soppeng,11.648835692307694,4251.665671230769
2020,Sulawesi Selatan,Kab. Wajo,30.39383,11093.44044
2020,Sulawesi Selatan,Kab. Sidenreng Rappang,8.73906,3189.67044
2020,Sulawesi Selatan,Kab. Enrekang,13.793457384615385,5034.523143692308
2020,Sulawesi Selatan,Kab. Luwu,22.269000000000002,8128.4475
2020,Sulawesi Selatan,Kab. Luwu Utara,9.188551,3353.9333319999996
2020,Sulawesi Selatan,Kab. Luwu Timur,17.9805,6562.839
2020,Sulawesi Selatan,Kota Makassar,52.426946,19135.909982
2020,Sulawesi Selatan,Kota Parepare,10.279500000000002,3751.917125
2020,Sulawesi Selatan,Kota Palopo,21.274,7764.792
2021,Sulawesi Selatan,Kab. Kepulauan Selayar,7.355188846153846,2684.7775880769227
2021,Sulawesi Selatan,Kab. Bulukumba,34.788000000000004,12697.678
2021,Sulawesi Selatan,Kab. Bantaeng,11.295200000000001,4122.503000000001
2021,Sulawesi Selatan,Kab. Jeneponto,28.915199999999995,10554.3108
2021,Sulawesi Selatan,Kab. Sinjai,15.899907999999998,5803.702768
2021,Sulawesi Selatan,Kab. Bone,35.09406,12809.17356
2021,Sulawesi Selatan,Kab. Maros,12.479322000000002,4554.94074
2021,Sulawesi Selatan,Kab. Pangkajene Kepulauan,10.082799000000001,3680.2216350000003
2021,Sulawesi Selatan,Kab. Barru,11.3925,4158.306
2021,Sulawesi Selatan,Kab. Soppeng,12.460447307692306,4547.967609230769
2021,Sulawesi Selatan,Kab. Wajo,25.809127999999998,9420.331719999998
2021,Sulawesi Selatan,Kab. Sidenreng Rappang,8.448,3083.42364
2021,Sulawesi Selatan,Kab. Pinrang,23.180703846153843,8461.186221153845
2021,Sulawesi Selatan,Kab. Enrekang,14.933143076923074,5450.764952307692
2021,Sulawesi Selatan,Kab. Luwu Timur,18.03,6581.1915
2021,Sulawesi Selatan,Kota Makassar,134.14538346153844,48963.036134999995
2021,Sulawesi Selatan,Kota Parepare,8.54,3117.2231999999995
2021,Sulawesi Selatan,Kota Palopo,13.851,5055.642
2022,Sulawesi Selatan,Kab. Kepulauan Selayar,8.2785,3021.63
2022,Sulawesi Selatan,Kab. Bulukumba,24.4154232,8911.469809799999
2022,Sulawesi Selatan,Kab. Bantaeng,11.3386,4138.7318000000005
2022,Sulawesi Selatan,Kab. Jeneponto,31.628999999999998,11544.81315
2022,Sulawesi Selatan,Kab. Sinjai,15.814763999999998,5772.152511999999
2022,Sulawesi Selatan,Kab. Bone,43.4206,15848.32426
2022,Sulawesi Selatan,Kab. Maros,10.805019,3943.8219
2022,Sulawesi Selatan,Kab. Pangkajene Kepulauan,10.292022000000001,3756.5770950000006
2022,Sulawesi Selatan,Kab. Barru,11.431499999999998,4172.5845
2022,Sulawesi Selatan,Kab. Soppeng,19.7883,7222.698
2022,Sulawesi Selatan,Kab. Wajo,25.861758000000002,9439.466738000001
2022,Sulawesi Selatan,Kab. Sidenreng Rappang,8.53248,3114.29712
2022,Sulawesi Selatan,Kab. Pinrang,18.044,6586.177000000001
2022,Sulawesi Selatan,Kab. Enrekang,15.6055656,5695.9318281999995
2022,Sulawesi Selatan,Kab. Luwu Timur,18.03,6581.1915
2022,Sulawesi Selatan,Kab. Toraja Utara,21.627545400000002,7893.9053296
2022,Sulawesi Selatan,Kota Parepare,9.48916,3463.4543400000002
2022,Sulawesi Selatan,Kota Palopo,18.734,6837.582000000001
2019,Sulawesi Tengah,Kab. Banggai,24.5761,8970.132075000001
2019,Sulawesi Tengah,Kab. Poso,22.643472,8264.47248
2019,Sulawesi Tengah,Kab. Donggala,15.683200000000001,5724.197700000001
2019,Sulawesi Tengah,Kab. Parigi Moutong,9.034059000000003,3297.3934060000006
2020,Sulawesi Tengah,Kab. Banggai,22.0464585,8046.7441395000005
2020,Sulawesi Tengah,Kab. Donggala,15.8132,5772.0078
2020,Sulawesi Tengah,Kab. Parigi Moutong,25.7741715,9407.465991000001
2020,Sulawesi Tengah,Kota Palu,20.659744000000003,7540.769012
2021,Sulawesi Tengah,Kab. Donggala,15.8132,5772.0078
2021,Sulawesi Tengah,Kab. Parigi Moutong,29.326700000000002,10704.458700000001
2021,Sulawesi Tengah,Kab. Sigi,16.7427,6111.0855
2021,Sulawesi Tengah,Kab. Banggai Laut,4.6072,1681.3914000000002
2021,Sulawesi Tengah,Kota Palu,24.300900000000002,8869.757
2022,Sulawesi Tengah,Kab. Banggai,28.26,10315.119
2022,Sulawesi Tengah,Kab. Donggala,15.7547,5750.2757
2022,Sulawesi Tengah,Kab. Morowali,7.455648,2721.1499040000003
2022,Sulawesi Tengah,Kab. Parigi Moutong,26.75971875,9767.44873575
2022,Sulawesi Tengah,Kab. Sigi,15.23263725,5559.91259625
2022,Sulawesi Tengah,Kab. Banggai Laut,4.390368,1602.6144225
2022,Sulawesi Tengah,Kab. Morowali Utara,7.228968,2638.57332
2022,Sulawesi Tengah,Kota Palu,21.166642,7725.881695
2019,Sulawesi Tenggara,Kab. Kolaka,15.41,5624.511
2019,Sulawesi Tenggara,Kab. Buton,5.0575,1846.00625
2019,Sulawesi Tenggara,Kab. Bombana,8.403,3066.9855
2020,Sulawesi Tenggara,Kab. Kolaka,22.005200000000002,8031.816800000001
2020,Sulawesi Tenggara,Kab. Buton,5.698000000000001,2079.9338000000002
2020,Sulawesi Tenggara,Kab. Kolaka Utara,8.472800000000001,3092.3676000000005
2021,Sulawesi Tenggara,Kab. Wakatobi,13.660274999999999,4985.710574999999
2021,Sulawesi Tenggara,Kota Kendari,45.62625,16653.610575
2022,Sulawesi Tenggara,Kab. Kolaka,12.061,4402.16
2022,Sulawesi Tenggara,Kab. Wakatobi,24.21,8836.671
2022,Sulawesi Tenggara,Kab. Kolaka Utara,1.1146,406.8114
2022,Sulawesi Tenggara,Kab. Buton Selatan,2.744352,1001.733408
2022,Sulawesi Tenggara,Kota Kendari,46.5405,16987.2618
2022,Sulawesi Tenggara,Kota Bau Bau,0.500078,182.531825
2019,Sulawesi Utara,Kab. Minahasa,28.2659544,10316.772619200001
2019,Sulawesi Utara,Kab. Kepulauan Sangihe,9.9655,3637.7134
2019,Sulawesi Utara,Kab. Kepulauan Talaud,12.948,4726.342
2019,Sulawesi Utara,Kab. Minahasa Selatan,15.760591199999999,5752.7364132
2019,Sulawesi Utara,Kab. Minahasa Utara,16.8230844,6140.5464311999995
2019,Sulawesi Utara,Kab. Minahasa Tenggara,7.0176,2561.6816
2019,Sulawesi Utara,Kab. Kep. Siau Tagulandang Biaro,6.2444196,2279.3337791999998
2019,Sulawesi Utara,Kab. Bolaang Mongondow Selatan,5.4595296,1992.4573103999999
2019,Sulawesi Utara,Kota Bitung,29.004360000000002,10586.784384
2019,Sulawesi Utara,Kota Tomohon,12.3665616,4513.9089996
2019,Sulawesi Utara,Kota Kotamobagu,5.37921,1963.3002899999997
2020,Sulawesi Utara,Kab. Minahasa,28.584191999999998,10433.351552
2020,Sulawesi Utara,Kab. Kepulauan Sangihe,13.2297,4828.9108
2020,Sulawesi Utara,Kab. Minahasa Selatan,15.739775999999999,5744.72704
2020,Sulawesi Utara,Kab. Minahasa Utara,21.58003,7876.559256
2020,Sulawesi Utara,Kab. Minahasa Tenggara,7.1376,2605.224
2020,Sulawesi Utara,Kab. Kep. Siau Tagulandang Biaro,5.975423999999999,2180.93824
2020,Sulawesi Utara,Kab. Bolaang Mongondow Selatan,5.807359999999999,2119.413504
2020,Sulawesi Utara,Kota Bitung,25.557136000000003,9328.38302
2020,Sulawesi Utara,Kota Tomohon,11.716223999999999,4276.476672
2020,Sulawesi Utara,Kota Kotamobagu,7.348250000000001,2682.0679000000005
2021,Sulawesi Utara,Kab. Kepulauan Sangihe,14.482000000000001,5286.385
2021,Sulawesi Utara,Kab. Minahasa Selatan,34.0524,12428.496
2021,Sulawesi Utara,Kab. Minahasa Tenggara,5.0088479999999995,1828.165488
2021,Sulawesi Utara,Kab. Bolaang Mongondow Utara,3.3248,1213.4352000000001
2021,Sulawesi Utara,Kab. Bolaang Mongondow Selatan,8.725,3184.215
2021,Sulawesi Utara,Kota Manado,66.210572,24166.850988
2021,Sulawesi Utara,Kota Bitung,30.237392000000003,11036.682406000002
2021,Sulawesi Utara,Kota Tomohon,13.703468625,5001.618699
2021,Sulawesi Utara,Kota Kotamobagu,7.36355,2687.7578000000003
2022,Sulawesi Utara,Kab. Bolaang Mongondow,13.525920000000001,4936.921920000001
2022,Sulawesi Utara,Kab. Minahasa,33.314789090909095,12159.653421818182
2022,Sulawesi Utara,Kab. Kepulauan Sangihe,17.8784,6526.0352
2022,Sulawesi Utara,Kab. Minahasa Selatan,34.0524,12428.496
2022,Sulawesi Utara,Kab. Minahasa Utara,19.312620000000003,7049.166795
2022,Sulawesi Utara,Kab. Minahasa Tenggara,8.816934545454545,3218.1524454545456
2022,Sulawesi Utara,Kab. Bolaang Mongondow Utara,10.397999999999998,3795.558
2022,Sulawesi Utara,Kab. Kep. Siau Tagulandang Biaro,8.856,3232.9649999999997
2022,Sulawesi Utara,Kab. Bolaang Mongondow Timur,1.846,673.812
2022,Sulawesi Utara,Kab. Bolaang Mongondow Selatan,2.0237000000000003,738.7422
2022,Sulawesi Utara,Kota Manado,56.700435999999996,20695.758488
2022,Sulawesi Utara,Kota Bitung,23.970342,8748.921654
2022,Sulawesi Utara,Kota Tomohon,9.69022,3537.1748963636364
2022,Sulawesi Utara,Kota Kotamobagu,7.327000000000001,2674.4230000000002
2019,Sumatera Barat,Kab. Pesisir Selatan,27.642000000000003,10089.68
2019,Sumatera Barat,Kab. Sijunjung,17.9246,6542.6614
2019,Sumatera Barat,Kab. Tanah Datar,7.2084,2630.9688
2019,Sumatera Barat,Kab. Agam,26.469897000000003,9661.649799
2019,Sumatera Barat,Kab. Pasaman,5.886080000000001,2148.4586400000003
2019,Sumatera Barat,Kab. Dharmasraya,26.9724,9845.1108
2019,Sumatera Barat,Kota Padang,79.41952,28988.01568
2019,Sumatera Barat,Kota Solok,10.205463,3724.7702180000006
2019,Sumatera Barat,Kota Sawahlunto,1.8510000000000002,675.654
2019,Sumatera Barat,Kota Padang Panjang,5.854807,2137.170532
2019,Sumatera Barat,Kota Bukittinggi,18.09002263636364,6602.993821818183
2019,Sumatera Barat,Kota Payakumbuh,25.864127999999997,9440.454528
2020,Sumatera Barat,Kab. Pesisir Selatan,29.1688,10646.5436
2020,Sumatera Barat,Kab. Sijunjung,18.78856,6857.97532
2020,Sumatera Barat,Kab. Tanah Datar,7.2264,2637.5496000000003
2020,Sumatera Barat,Kab. Agam,37.31630863636363,13620.148991636363
2020,Sumatera Barat,Kab. Lima Puluh Kota,24.7824,9045.8336
2020,Sumatera Barat,Kab. Dharmasraya,29.264999999999997,10681.668
2020,Sumatera Barat,Kab. Pasaman Barat,53.247,19435.023
2020,Sumatera Barat,Kota Padang,80.17758,29264.724720000002
2020,Sumatera Barat,Kota Solok,11.31624,4130.510184
2020,Sumatera Barat,Kota Sawahlunto,3.540192636363636,1292.5041503636362
2020,Sumatera Barat,Kota Padang Panjang,5.908021000000001,2156.371917
2020,Sumatera Barat,Kota Bukittinggi,22.050819999999995,8048.355933999999
2020,Sumatera Barat,Kota Payakumbuh,21.055349999999997,7685.265216
2021,Sumatera Barat,Kab. Pesisir Selatan,28.752700000000004,10494.416299999999
2021,Sumatera Barat,Kab. Tanah Datar,7.6944,2808.4098
2021,Sumatera Barat,Kab. Agam,39.829482,14537.760929999999
2021,Sumatera Barat,Kab. Lima Puluh Kota,28.594241999999994,10437.169014
2021,Sumatera Barat,Kab. Pasaman,22.477895999999998,8204.513616
2021,Sumatera Barat,Kab. Dharmasraya,29.724999999999998,10849.3698
2021,Sumatera Barat,Kab. Solok Selatan,18.995186,6933.24289
2021,Sumatera Barat,Kota Padang,79.28684,28939.85904
2021,Sumatera Barat,Kota Solok,11.862174,4329.797004
2021,Sumatera Barat,Kota Sawahlunto,3.47625,1268.788608
2021,Sumatera Barat,Kota Padang Panjang,6.0816,2219.710514
2021,Sumatera Barat,Kota Payakumbuh,21.281519999999997,7767.9831239999985
2022,Sumatera Barat,Kab. Pesisir Selatan,29.0491,10602.6023
2022,Sumatera Barat,Kab. Solok,34.6918,12662.892
2022,Sumatera Barat,Kab. Sijunjung,19.46,7102.778
2022,Sumatera Barat,Kab. Tanah Datar,7.735199999999999,2823.4374
2022,Sumatera Barat,Kab. Padang Pariaman,95.44486200000001,34838.092458
2022,Sumatera Barat,Kab. Agam,17.0944,6239.4912
2022,Sumatera Barat,Kab. Lima Puluh Kota,27.978208125,10212.0988924375
2022,Sumatera Barat,Kab. Pasaman,13.6395,4978.467000000001
2022,Sumatera Barat,Kab. Dharmasraya,18.9167728125,6904.412194374999
2022,Sumatera Barat,Kab. Solok Selatan,18.995186,6933.391892000001
2022,Sumatera Barat,Kab. Pasaman Barat,35.0,12775.35
2022,Sumatera Barat,Kota Padang,79.82624,29136.668120000002
2022,Sumatera Barat,Kota Solok,12.59064,4595.96408
2022,Sumatera Barat,Kota Sawahlunto,2.6404,963.5584000000001
2022,Sumatera Barat,Kota Padang Panjang,6.201965,2263.513238
2022,Sumatera Barat,Kota Bukittinggi,23.443056,8556.451487999999
2022,Sumatera Barat,Kota Payakumbuh,21.604619999999997,7885.537673999998
2022,Sumatera Barat,Kota Pariaman,5.268401999999999,1922.765688
2019,Sumatera Selatan,Kab. Ogan Komering Ulu,26.751902,9764.150753833335
2019,Sumatera Selatan,Kab. Muara Enim,75.60230800000001,27595.012502000005
2019,Sumatera Selatan,Kab. Lahat,18.201,6643.317
2019,Sumatera Selatan,Kab. Musi Rawas,63.077087999999996,23023.339504
2019,Sumatera Selatan,Kab. Musi Banyuasin,54.15539999999999,19766.87576
2019,Sumatera Selatan,Kab. Empat Lawang,31.92692583333334,11653.081846666668
2019,Sumatera Selatan,Kota Palembang,209.5254,76476.4488
2019,Sumatera Selatan,Kota Prabumulih,23.12145,8439.059475
2020,Sumatera Selatan,Kab. Ogan Komering Ulu,21.918162499999998,8000.086609999999
2020,Sumatera Selatan,Kab. Muara Enim,69.824674,25485.818747999998
2020,Sumatera Selatan,Kab. Musi Rawas,27.381942000000002,9994.310604000002
2020,Sumatera Selatan,Kab. Musi Banyuasin,54.94192,20053.86228
2020,Sumatera Selatan,Kab. Banyuasin,76.094031,27774.360146000006
2020,Sumatera Selatan,Kab. Ogan Komering Ulu Timur,33.8065,12339.3088
2020,Sumatera Selatan,Kab. Ogan Ilir,29.455000000000002,10751.006000000001
2020,Sumatera Selatan,Kab. Empat Lawang,26.105952499999997,9528.694749999999
2020,Sumatera Selatan,Kota Palembang,163.5466,59694.6924
2020,Sumatera Selatan,Kota Prabumulih,23.992839999999998,8757.80316
2021,Sumatera Selatan,Kab. Muara Enim,69.877932,25505.263072
2021,Sumatera Selatan,Kab. Lahat,46.175999999999995,16854.2625
2021,Sumatera Selatan,Kab. Musi Banyuasin,24.888,9084.208
2021,Sumatera Selatan,Kab. Ogan Komering Ulu Timur,75.6216,27601.646400000005
2021,Sumatera Selatan,Kota Palembang,206.54375,75388.53874999999
2021,Sumatera Selatan,Kota Prabumulih,23.876760000000004,8714.92884
2022,Sumatera Selatan,Kab. Ogan Komering Ulu,22.831500000000002,8333.475
2022,Sumatera Selatan,Kab. Muara Enim,74.279448,27112.079266
2022,Sumatera Selatan,Kab. Lahat,37.745400000000004,13776.959000000003
2022,Sumatera Selatan,Kab. Musi Rawas,47.03116249999999,17166.70012525
2022,Sumatera Selatan,Kab. Musi Banyuasin,47.47846475,17329.82739025
2022,Sumatera Selatan,Kab. Banyuasin,76.855344,28052.12752
2022,Sumatera Selatan,Kab. Ogan Komering Ulu Timur,76.1778,27805.0536
2022,Sumatera Selatan,Kab. Penukal Abab Lematang Ilir,17.585279999999997,6418.407039999999
2022,Sumatera Selatan,Kota Palembang,204.84490000000002,74768.6622
2022,Sumatera Selatan,Kota Prabumulih,26.17706,9554.23854
2019,Sumatera Utara,Kab. Langkat,60.839659999999995,22206.475899999998
2019,Sumatera Utara,Kab. Deli Serdang,325.49861999999996,118807.27111999999
2019,Sumatera Utara,Kab. Asahan,80.910592,29532.173087999996
2019,Sumatera Utara,Kab. Dairi,21.817728000000002,7963.555464000001
2019,Sumatera Utara,Kab. Humbang Hasundutan,7.3502,2683.0128000000004
2019,Sumatera Utara,Kab. Samosir,24.605999999999998,8981.429999999998
2019,Sumatera Utara,Kota Medan,238.5628,87075.62640000001
2019,Sumatera Utara,Kota Pematang Siantar,44.02119857142857,16067.471194285714
2019,Sumatera Utara,Kota Tebing Tinggi,23.214625714285713,8473.079764285714
2020,Sumatera Utara,Kab. Langkat,28.8456,10528.6643
2020,Sumatera Utara,Kab. Deli Serdang,221.76569999999995,80944.81178
2020,Sumatera Utara,Kab. Asahan,81.48044,29740.584887999998
2020,Sumatera Utara,Kab. Dairi,21.902472000000003,7994.513988000001
2020,Sumatera Utara,Kab. Humbang Hasundutan,7.417800000000001,2707.2981
2020,Sumatera Utara,Kab. Samosir,26.607,9711.189
2020,Sumatera Utara,Kota Medan,238.65520000000004,87108.9646
2020,Sumatera Utara,Kota Sibolga,10.209276250000002,3726.2759825000003
2020,Sumatera Utara,Kota Tebing Tinggi,20.40291,7446.885659999999
2021,Sumatera Utara,Kab. Tapanuli Tengah,24.010585000000003,8763.791200000001
2021,Sumatera Utara,Kab. Tapanuli Utara,18.10306125,6607.452166874999
2021,Sumatera Utara,Kab. Langkat,36.37830000000001,13278.003200000001
2021,Sumatera Utara,Kab. Karo,25.78716,9412.266783
2021,Sumatera Utara,Kab. Deli Serdang,225.86832,82442.23172
2021,Sumatera Utara,Kab. Simalungun,101.63194799999998,37095.66101999999
2021,Sumatera Utara,Kab. Asahan,65.87526374999999,24044.243956874998
2021,Sumatera Utara,Kab. Toba,12.0574125,4400.934384374999
2021,Sumatera Utara,Kota Medan,265.074,96751.884
2021,Sumatera Utara,Kota Pematang Siantar,23.302000000000003,8505.2
2021,Sumatera Utara,Kota Tebing Tinggi,20.562749999999998,7505.422064999999
2022,Sumatera Utara,Kab. Tapanuli Tengah,24.281475,8862.738375
2022,Sumatera Utara,Kab. Nias,8.244434499999999,3009.2398118749998
2022,Sumatera Utara,Kab. Langkat,36.500800000000005,13322.664600000002
2022,Sumatera Utara,Kab. Deli Serdang,227.57521999999997,83064.62402
2022,Sumatera Utara,Kab. Simalungun,104.511726,38146.593804
2022,Sumatera Utara,Kab. Asahan,66.88064075,24411.474897874996
2022,Sumatera Utara,Kab. Toba,13.587473124999999,4959.5337875
2022,Sumatera Utara,Kab. Humbang Hasundutan,7.7129,2814.9849
2022,Sumatera Utara,Kota Medan,243.68330249999997,88944.43653425
2022,Sumatera Utara,Kota Pematang Siantar,24.143,8812.144
2022,Sumatera Utara,Kota Tebing Tinggi,20.750894999999996,7573.785299999999
2022,Sumatera Utara,Kota Padangsidimpuan,20.567322,7507.2860580000015
