Kabupaten/Kota,2016,2017,2018,2019,2020,2021,2022
Simeulue,1772573.67,1897038.43,2042836.42,2211885.58,2274361.94,2440961.41,2650278.35
Aceh Singkil,1980642.32,2126448.17,2255194.44,2395411.85,2422611.49,2702914.47,2984474.56
Aceh Selatan,4553857.69,4855005.68,5197229.43,5479425.66,5530754.59,5960868.39,6426567.77
Aceh Tenggara,3883184.62,4245132.35,4558765.21,4906917.38,5058528.79,5401589.45,5813672.27
Aceh Timur,8509744.24,9104763.67,9685702.94,10280799.51,10605784.63,11654830.15,13008657.84
Aceh Tengah,6307246.39,6721944.77,7178095.4,7472445.9,7387369.9,7999947.6,8827207.4
Aceh Barat,6184227.83,6946915.79,7692484.18,7964354.62,8109233.27,10007107.86,13346482.82
Aceh Besar,10969293.83,11638043.32,12446122.56,13241274.86,13329465.29,14023478.15,15381864.79
Pidie,8489561.55,9186845.44,9894667.92,10549225.37,10758805.68,11322893.27,12375223.06
Bireuen,10725724.92,11410922.68,12092521.62,12886847.77,13084368.05,14056534.53,15414461.17
Aceh Utara,16695688.08,17502342.88,18815382.43,19674952.38,19702646.76,23192935.1,28016455.64
Aceh Barat Daya,3174813.01,3394318.45,3635010.97,3854318.59,3917419.85,4134847.2,4534355.7
Gayo Lues,2233819.61,2425648.98,2549886.3,2608733.7,2693265.75,2854808.79,3067003.46
Aceh Tamiang,6063470.99,6518270.47,6991449,7385341.17,7512694.16,8862480.82,10329951.5
Nagan Raya,6159448.9,6571136.5,6926106.55,7411691.61,7656566.01,9185404.46,11322456.81
Aceh Jaya,2116116.47,2275043.95,2429231.64,2575142.32,2625734.25,2851397.37,3116831.18
Bener Meriah,3802333.7,3998247.28,4202084.4,4423114.94,4527816.08,4961937.18,5446973
Pidie Jaya,2770495.07,3012984.37,3240635.9,3449866.38,3500366.23,3669650.72,3968178.81
Kota Banda Aceh,15800612.43,16689219.39,17619854.62,18569075.19,18501628.13,19943395.17,21556951.29
Kota Sabang,1158445.21,1272466.45,1397797.45,1531587.09,1531407.09,1596295.22,1637267.99
Kota Langsa,4217198.5,4538276.43,4873136.18,5236223.62,5274021.46,5748993.79,6246284.71
Kota Lhokseumawe,7728897.06,8070275.16,8456724.3,8898379.69,8867266.49,9422285.89,10264425.37
Kota Subulussalam,1400474.98,1535463.22,1622893.4,1726924.11,1803678.42,2102899.14,2329706.99
Nias,2966279.12,3233557.98,3519073.75,3824854.92,4040917.36,4221862.94,4536220.11
Mandailing Natal,10660041.33,11712509.18,12618052.31,13544735.74,13843000.34,14880421.96,16403528.68
Tapanuli Selatan,10964765.64,11967961.49,12882177.87,13932335.09,14642157.51,15471446.89,17051888.23
Tapanuli Tengah,7849653.79,8545375.88,9229977.21,9956777.57,10138833.43,10618746.39,11635299.59
Tapanuli Utara,6300290.07,6765691.15,7296779.1,7889049.56,8274433.62,8800075.99,9645635.46
Toba Samosir,6123907.62,6635270.67,7161585.79,7675387.58,7845421.15,8266129.67,8943890.63
Labuhan Batu,26505435.84,29032570.39,31302582.6,33610429.38,34653178.75,37606878.29,41809008.33
Asahan,29206693.06,32020190.4,34664912.65,37440406.46,38691821.26,41994241.94,46575316.1
Simalungun,30122877.55,32832126.15,35444572.49,38057431.78,39441345.33,42576878.66,47285889.85
Dairi,7484071.46,7980474.09,8560775.5,9166421.25,9317911.39,9710798.66,10716944.44
Karo,16728463.25,18064319.94,19220878.39,20584725.88,20974574.01,21824143.93,23975567.23
Deli Serdang,85152016.85,93193893.99,101060213.4,109334140,110145244.5,115306307.7,127546550.2
Langkat,34104973.47,37032251.85,39867648.98,42515176.42,43207997.58,46301203.75,51412765.01
Nias Selatan,5192768.07,5695736.58,6247306.89,6861477.66,7164267.29,7420629.16,8014503.79
Humbang Hasundutan,4777167.43,5131048.24,5527253.49,5951262.9,6123455.25,6356726.89,6919485.07
Pakpak Bharat,917383.76,999871.46,1086960.92,1178215.25,1211352.02,1270714.86,1393579.46
Samosir,3442515.66,3751630.67,4085202.85,4434721.24,4542852.48,4755233.29,5166248.69
Serdang Bedagai,22113823.63,24094586.1,25994818.88,27959443.68,28602456.24,30418853.85,33517985.47
Batu Bara,27554606.37,29756865.2,31972004.73,34047849.02,34987641.76,37197713.59,40866716.26
Padang Lawas Utara,9073822.81,9898502.97,10752123.95,11619731.69,12189675.24,13137918.34,14375296.01
Padang Lawas,8808318.43,9704988.45,10595866.98,11371986.51,11997101.2,13139141.72,14586764.41
Labuhan Batu Selatan,21004166.83,23196313.8,25124039.18,27132303.86,28198968.3,30754125.33,34154815.34
Labuhan Batu Utara,19374234.69,21161682.73,22749934.18,24378344.14,25191244.23,27400504.4,30282498.06
Nias Utara,2775099.01,3018446.48,3250328.75,3515983.26,3710035.91,3875066.13,4172936.92
Nias Barat,1413804.19,1543968.34,1673310.72,1816847.82,1922535.21,2019877.91,2172217.97
Kota Sibolga,4262846.9,4644671.31,5063936.84,5531543.45,5605466.51,5796108.12,6340366.47
Kota Tanjung Balai,6722588.96,7424964.63,8175687.25,8951450.97,9180538.15,9632703.56,10466142.84
Kota Pematang Siantar,11579290.41,12443955.44,13176710.84,13933249.49,13920089.77,14208225.58,15208308.14
Kota Tebing Tinggi,4725478.51,5123015.86,5512517.21,5924199.35,6049163.1,6349945.28,6931266.73
Kota Medan,184809036.6,203035741.5,222483237.4,241482349.9,242198241.7,254721318.8,280159036.1
Kota Binjai,9112474.35,9904809.54,10765291.76,11700098.06,11769065.12,12317148.23,13315953.42
Kota Padangsidimpuan,4903282.99,5372284.05,5858839.13,6373126.29,6478662.9,6784395.75,7384955.08
Kota Gunungsitoli,4034198.13,4503049.95,5001030.27,5513916.66,5776114.88,6017546.51,6476828.86
Kepulauan Mentawai,3725729.38,4001871.06,4252824,4665093.44,4647099.18,4843813.95,5445468
Pesisir Selatan,11271401.87,12069519.39,13045984.64,14037128.66,14095977.62,14927572.58,16601341.83
Solok,11053489.5,11783867.88,12653858.53,13580513.02,13581968.58,14178062.2,15781140.16
Sijunjung,7439227.39,7927672.63,8489458.37,9148878.97,9136559.73,9566572.91,10668551.27
Tanah Datar,10734514.88,11428081.54,12202819.78,13090685.71,13023107.59,13590935.7,15055228.13
Padang Pariaman,17532873.46,19038379.57,20438318.45,21255473.34,17934814.6,18455088.03,22193365.04
Agam,16693045.25,17834986.34,19145918.5,20540992.18,20376570.25,21351359.64,23827651.5
Lima Puluh Kota,12677544.49,13531194.73,14525483.21,15625340.42,15541500.82,16182473.43,17900761.78
Pasaman,7335785.21,7801982.13,8318765.11,8907768.5,8969724.02,9433249.73,10390577.65
Solok Selatan,4598219.45,4893871.26,5214850.48,5574519.08,5530553.59,5777977.93,6429236.43
Dharmasraya,8437660.72,9054276.65,9697640.71,10349563.18,10243274.28,10754664.96,12233469.96
Pasaman Barat,12794249.97,13699696.35,14603178.2,15401338.08,15253000.84,15931875.79,17889125.53
Kota Padang,49386263.76,53091095.1,57506842.01,62420470.82,62181006.08,65179471.01,72961651.23
Kota Solok,3241245.94,3469035.58,3728256.36,4047979.83,4041639.82,4251892.56,4793153.11
Kota Sawah Lunto,2937954.38,3165214.99,3404518.84,3679850.22,3656590.97,3850697.74,4389916.49
Kota Padang Panjang,2774050.1,2974350.89,3198031.98,3474832.65,3473230.92,3651118.22,4086546.1
Kota Bukittinggi,6783086.09,7453106.84,8011062.02,8695316.61,8627533.47,9026564.58,10194020.58
Kota Payakumbuh,5203120.37,5639684.44,6134700.3,6825167.93,6827094.79,7303109.35,8250302.95
Kota Pariaman,4036741.93,4309010.19,4615745.62,5005498.56,4994093.59,5258657.04,5881852.94
Kuantan Singingi,27521697.88,29504316.04,30463627.94,31869962.39,33683570.47,38769359.13,44994478.72
Indragiri Hulu,37033140.69,38726745.61,40386220.27,41592733.57,42449699.95,47761636.02,54453881.83
Indragiri Hilir,57291702.92,60870710.94,60180013.34,62697908.77,65043511.86,73393634.02,83422590.4
Pelalawan,41164867.7,43840641.91,46073490.3,47732021.83,50681062.93,57618561.1,65569242.36
Siak,78941933.07,79593518.66,84262911.87,82105132.65,77007218.27,89636127.78,107025755.6
Kampar,69676254.62,71571023.54,77152929.69,77267151.39,73001798.29,86455977.62,103887885.4
Rokan Hulu,29145614.95,30992304.95,32290185.17,33882260.19,36087003.01,42177506.45,49614314.49
Bengkalis,132200503.5,132978169.7,148603299.8,140378907.1,114583994.7,139613491.4,176013376.6
Rokan Hilir,73268027.78,73997256.13,78620928.77,74588117.75,67892362.7,80102629.39,96066418.28
Kepulauan Meranti,16044100.32,16725883.45,18163640.55,18394545.3,18066187.19,21093086.19,24899424.54
Kota Pekanbaru,92129330.93,101113420,108571373,118763892.1,115486901.4,126530123.1,144583265.9
Kota Dumai,27962260.29,30342836.58,33076213.76,36147146.52,36313730.07,39946105.99,45056372.09
Kerinci,8052841.08,8875707.51,9408036.38,9912468.66,10460271.15,11237959.76,12225697.77
Merangin,12129532.64,13518638.5,14452747.43,15288073.47,15670880.89,17837616.79,20284059.99
Sarolangun,12238482.03,13451752.83,14502492.18,15126920.14,14429424.24,16558802.07,20772095.19
Batang Hari,13358217.27,14695344.69,15663916.87,16463293.47,16392804.31,18809585.54,24304974.23
Muaro Jambi,19137815.09,21334800.47,22960990.21,24294993.41,24382388.38,27596969.47,32968476.22
Tanjung Jabung Timur,18712179.77,21044142.88,24111743.94,24680300.18,19563266.92,21783617.19,25606191.59
Tanjung Jabung Barat,31443365.82,35670940.16,41458277.05,42945449.52,37133854.04,42080582.43,50081468.28
Tebo,11633880.82,12981953.63,13839068.46,14593435.01,14737984.32,16951480.67,19702194.42
Bungo,14371138.37,16022888.06,17303257.12,17895939.78,17305753.26,20089145.85,24926313.98
Kota Jambi,24405528,26293309.98,28797406.24,30636929.87,29465149.83,31893581.19,36141956.24
Kota Sungai Penuh,5731479.59,6371292.65,6951102.4,7479424.37,7562248.32,7980858.72,8680233.97
Ogan Komering Ulu,11470607.49,12373945.6,13383129.98,14647672.61,14815089.63,15731556.98,17613748.14
Ogan Komering Ilir,23312037.08,25096493.5,26839366.84,28752468.86,29291965.54,31284659.12,34459322.71
Muara Enim,41766505.15,45782758.92,52695301.68,57333510.43,57493553.19,69651968.07,113167464.8
Lahat,14262695.31,15035348.18,15984334.26,17130200.59,17230571.29,19515736.56,26750478.95
Musi Rawas,14758367.54,15877312.25,17495006.76,19062784.3,19237351.36,20415494.66,22342116.54
Musi Banyuasin,52773522.43,56020033.18,60861458.42,65810995.08,65943884.71,72744724.68,82736539.85
Banyu Asin,22732940.22,24501190.27,26542714.39,28655740.78,29100611.08,30993963.76,34442765.67
Ogan Komering Ulu Selatan,7014614.65,7592138.1,8136433.71,8785707.21,8971730.78,9531358.4,10343498.04
Ogan Komering Ulu Timur,12132110.04,12823900.21,13727122.43,14935851.05,15282540.5,16244760.05,17862842.01
Ogan Ilir,8833776.21,9514376.07,10315106.26,11159403.69,11328476.71,12050381.28,13261642.83
Empat Lawang,4159754.5,4407371.57,4695136.07,4991079.29,5084151.68,5392035.97,5837967.01
Penukal Abab Lematang Ilir,5386871.3,5845939.29,6493087.88,7083680.44,7129729.96,7527336.06,8194744.93
Musi Rawas Utara,6055725.82,6393132.2,6751112.19,7103694.8,7194147.71,7745107.6,8548814.1
Kota Palembang,118344290.9,129400326.1,141908624.7,154220318.1,155203911.8,162137295.5,179199804.7
Kota Prabumulih,6109113.84,6586289.06,7169125.12,7791060.71,7867323.17,8346926.47,9208497.28
Kota Pagar Alam,2414362.3,2548519.71,2673294.03,2791616.17,2830353.47,3002935.38,3258978.46
Kota Lubuklinggau,5150602.92,5636432.14,6135202.03,6643681.12,6717981.52,7030467.87,7687846.55
Bengkulu Selatan,4439346.38,4872689.59,5302895.82,5707513.37,5819775.1,6196612.34,6712801.42
Rejang Lebong,7255545.34,7946952.77,8685050.7,9368975.74,9537298.77,10091527.86,10992823.83
Bengkulu Utara,6355318,6977776.77,7609325.45,8250039.75,8416315.32,9854645.73,12318650.39
Kaur,2711624.2,2967017.65,3239535.5,3524507.74,3612336.74,3900866.44,4226602.61
Seluma,3501665.37,3840069.99,4215214.35,4613171.16,4730445.4,5053600.65,5436499.7
Mukomuko,3947820.99,4335451.57,4744397.67,5155269.33,5266948.73,5693090.06,6217187.99
Lebong,2593975.87,2859948.65,3092456.97,3346031.32,3400862.2,3627781.81,3888916.74
Kepahiang,3280545.29,3637168.66,3981493.92,4318930.18,4409812.3,4748460.94,5160762.18
Bengkulu Tengah,3564775.75,3902668.69,4253687.13,4606570.36,4672104.07,5466242.46,6544556.08
Kota Bengkulu,17550068.62,19277488.21,21223089.15,23210398.95,23498494.85,24974924.45,28090428.96
Lampung Barat,5617121.06,6116299.64,6590613.92,7095651.44,7131893.53,7482740.24,8281933.94
Tanggamus,12328002.55,13414930.28,14514451.95,15590931,15467655.86,16337174.45,18123759.42
Lampung Selatan,34915655.18,38322378.83,41586070.38,44685372.69,44293004.62,46426125.14,51707274.27
Lampung Timur,33085538.85,36143304.94,39350063.3,41604649.03,40673064.7,43850059.63,49800664.74
Lampung Tengah,55171371.03,60955292.63,66094623.15,71017112.22,71070419.6,74335949.95,82454637.32
Lampung Utara,18745986.53,20532899.6,22137786.99,23780218.4,23765918.96,24865074.77,27006930.94
Way Kanan,11060713,12108683.35,13055240.53,13981191.16,13985521.71,14661891.51,16152949.21
Tulangbawang,17992071.46,19861020.48,21481669.86,23063585.89,23082157.34,24164764.55,25998560.09
Pesawaran,12860673.51,13994055.99,15099607.1,16208211.81,16211738.92,16845043.63,18687390.86
Pringsewu,8896058.18,9685778.49,10389147.21,11156953.24,11166162.52,11662927.85,12852318.86
Mesuji,8109862.27,8931802.31,9691343.34,10409225.01,10390753.81,10894431.59,11973939.56
Tulang Bawang Barat,9042004.2,9854342.36,10654951.42,11445302.94,11420341.01,11960549.91,13233014.81
Pesisir Barat,3615624.59,3947578.32,4282378.16,4687389.87,4677542.69,4896560.88,5349436.15
Kota Bandar Lampung,44741904.31,50082837.14,54609162.61,59203979.34,58869436.72,61525514.56,67940869.72
Kota Metro,4997830.93,5481684.05,5892670.42,6320907.78,6289542.94,6576893.19,7224646.91
Bangka,11771680.59,12807936.13,13310565.01,13765427.63,13932937.7,16166007.55,17958776.52
Belitung,8000983.89,8739899.93,9314624.93,9856802.27,9826820.91,11011041.86,12322373.86
Bangka Barat,12249432.96,13221427.41,13817298.69,14157204.8,13414979.73,15431570.35,16759677.74
Bangka Tengah,7469014.47,7972210.19,8213317.39,8566895.53,8447020.56,9372097.88,10524128.79
Bangka Selatan,7541523.67,8165172.68,8457248.45,8664389.95,8679074.82,9776172.96,10692535.24
Belitung Timur,6604204.26,7151803.12,7405859.48,7713766.85,7833738.65,8882481.99,9785767.95
Kota Pangkal Pinang,11116493.26,12108566.32,12955301.61,13648934.02,13454648.74,15375991.21,17277544.15
Karimun,10610202.29,11618487.19,12628782.5,13544171.26,13310630.17,14195741.34,15554497.43
Bintan,16596398.21,17982664.56,19597810.41,21303013.23,20743697.61,21251125.59,22995777.49
Natuna,18552328.13,19604964.77,21123646.47,21795500.69,18405913.23,20870156.14,24265429.84
Lingga,3284253.46,3659729.61,3969325.56,4274268.9,4292433.34,4499271.67,4852610.13
Kepulauan Anambas,16597582.16,17256606.21,16849268.26,17439770.75,14453581.75,16697525.6,19909089.78
Kota Batam,130553208.1,137925335.1,151285143.5,164490116,161364182.3,172843903.8,194836257.2
Kota Tanjung Pinang,17065532.74,18088953.23,19078150.15,20167982.49,19665012.39,20099373.55,21792471.59
Kep. Seribu,6522313.95,7200321.26,8179772.89,7926263.5,6416485.68,8154516.93,10134628.69
Kota Jakarta Selatan,483271232.3,532511114.8,586117970.8,642464231.9,643561851.9,668427460.1,730224707.9
Kota Jakarta Timur,379430754.8,414702563.1,453144264.8,488499494.7,469995030.7,500421580.7,546877291.2
Kota Jakarta Pusat,531114513.1,581697980.1,638825987.8,699838120,700790711,728074607.5,794935797.9
Kota Jakarta Barat,356364555.5,392281649.7,431470351.6,470458815.6,469053301.5,493802942.5,540696903.4
Kota Jakarta Utara,407047791.2,445913787.7,488514493.1,522378823.6,496669687.6,536002760.3,587659637
Bogor,184249649.5,200897681.8,219239943.2,237227082.1,235887257.9,248892476.1,267743693.1
Sukabumi,51437373.85,56001511.13,61614784.05,67423121.28,67462172.98,70738039.35,76243665.35
Cianjur,35386457.73,38575001.4,42971245.4,46957854.9,47535466.67,50137664.64,53988970.65
Bandung,94334764.17,102865597.4,112982080.9,123985749,123602777.8,130476828.5,143002068.5
Garut,44452442.02,48029131.17,53036446.7,57874566.14,58043174.12,60836393.3,66590619.98
Tasikmalaya,27995996.39,30532533.12,34023587.07,37310226.47,37443447.75,39285636.36,42659502.77
Ciamis,24524451.4,26544477.04,29090461.84,31536104.02,31974405.03,33688053.94,36773714.56
Kuningan,18563286.16,20463990.21,22764226.08,25093153.97,25618866.65,26919102.72,29519831.26
Cirebon,38840772.25,41919286.13,45499277.03,49135805.7,49561562.9,52309936.87,56653642.54
Majalengka,23207739.89,25405614.58,28098356.43,31340233.1,32179217.04,34200677.5,37778836.04
Sumedang,27007794.15,29638762.78,32533267.44,35439626.58,35489082.66,37250246.15,40220759.18
Indramayu,66533442.4,69814296.3,74920424.4,80389855.61,79286229.64,81594848.56,90773384.43
Subang,31530209.79,34259779.11,37520083.22,40790680.41,40148318.1,42292910.51,46110396.01
Purwakarta,54575707.4,58556945.77,63116672.12,67709507.58,66971590.15,70778245.68,76468931.27
Karawang,182984952.5,197423975.3,215547356.2,230201341,223422078.6,243713323.3,268228786.3
Bekasi,261910564.6,281821526.6,305559640,326083640.8,317633824.3,340389974.5,367573268
Bandung Barat,37043259.92,40204396.93,43807707.4,47180080.5,46478896.6,48764313.89,52921291.14
Pangandaran,8683898.59,9400780.12,10352224.38,11311685.83,11498234.46,12129690.95,13163695.66
Kota Bogor,35400811.31,38478473.74,42261020.74,46197757.13,45911864.14,48325644.61,52914598.44
Kota Sukabumi,9718687.89,10549217.87,11472892.73,12387691.54,12401540.58,13053044.18,14192254.06
Kota Bandung,216863639.6,240109626.7,264393083.6,288460876,283626741.1,297116262.9,328317612.3
Kota Cirebon,18139081.42,19821298.75,21639256.31,23491803.45,23428792.05,24506594.05,26617841.99
Kota Bekasi,76908860.39,83327643.95,90980622.26,98107697.77,96492278.57,101383360.7,109881376.1
Kota Depok,53331050.97,58408776.96,64363243.6,70964044.3,70386330.72,74382336.08,81166746.76
Kota Cimahi,24563810.76,26580075.56,29240033.01,32639542.12,32210679.03,34244468.76,37538209.79
Kota Tasikmalaya,16751144.1,18265988.56,19977556.15,21750914.27,21589359.4,22844023.67,24974677.66
Kota Banjar,3606181.87,3848361.95,4106618.59,4379813.96,4445118.63,4656636.12,4916166.53
Cilacap,99033565.66,103921776,109699658.8,114117079.8,104542659.5,109653598.2,120938296.4
Banyumas,42016940.5,45585979.73,49896126.75,53948860.05,53682112.37,56919815.96,62852908.13
Purbalingga,19984164.28,21439650.09,23190328.56,24917589.96,25093682.28,26393807.46,28820822.77
Banjarnegara,17217246.96,18545598.4,20069802.33,21599477.27,21694375.77,22827887.3,24996481.74
Kebumen,22434948.76,24068988.49,26037016.66,27936659.65,28014905.7,29563144.02,32601944.7
Purworejo,15013872.35,16155396.44,17407507.43,18657373.14,18646485.02,19602717.78,21349004.94
Wonosobo,15367781.8,16255103.4,17493244.85,18807664.1,18838679.07,19856862.36,21590618.38
Magelang,26232349.05,28183854.01,30339465.47,32497408.5,32462030.1,34176312.43,37449365.03
Boyolali,25756715.67,27914646.55,30258836.39,32665981.16,32687589.9,34896960.78,38814934.12
Klaten,31619241.19,34174819.85,36993970.46,39766522.78,39939640.38,42271255.88,46613428.71
Sukoharjo,29130306.98,31621414.17,34211246.04,36945880.36,36890533.42,38990458.19,42819987.27
Wonogiri,23329378.86,25104341.16,27136616.42,29044917.06,29166531.53,30581452.94,33699422.13
Karanganyar,29172749.37,31552289.97,34324380.71,37014752.03,37023453.39,39157912.6,43116960.28
Sragen,29826142.98,32410814.98,35100061.65,37836230.82,37850990.68,40087775.48,44280477.06
Grobogan,21764917.28,23463543.25,25407053.22,27278521.82,27268744.5,28815024.86,31819468.19
Blora,20010947.35,21865831.17,24631543.5,25965937.47,24004210.06,26928608.47,30968894.31
Rembang,14871689.64,16324716.54,17690102.92,18944046.78,18943648.8,20071106.77,22107209.24
Pati,33953935.22,36790695.26,39901328.44,43039953.68,43288565.81,45565935.33,50110967.1
Kudus,90091575.43,97163854.2,104056376.2,110580428.5,109538558.6,108726467.8,114664501.5
Jepara,23949816.71,25785377.48,27996907.49,30230196.61,30175170.54,32045698.36,35001075.36
Demak,20938835.69,22621049.05,24429141.74,26184294.58,26546066.41,27649980,30256163.85
Semarang,39528618.88,42621419.92,46188055.96,49620375.46,49046716.57,51796320.01,56632203.74
Temanggung,17548930.01,18807712.01,20229292.56,21648988.07,21557077.14,22627791.48,24733342.72
Kendal,33797968.33,36520986.43,39548993.26,42550706.97,42586186.69,45164800.8,49705156.3
Batang,17279827.39,18661966.98,20180576.47,21585719.48,21621362.81,23125755.99,25488048.01
Pekalongan,18256295.67,19709225.7,21314311.91,22857063.6,22803190.5,24030300.26,25998888.9
Pemalang,20213315.71,21860524.17,23670900.26,25483601.77,25820813.34,27443892.73,29948827.68
Tegal,28025643.38,30278514.25,32770354.5,35217969.61,35299977.86,37334993.58,40781386.16
Brebes,37448715.5,39963111.45,42973395.36,46178657.58,47058595.6,48966236.57,53771057.5
Kota Magelang,7023900.08,7606070.53,8201328.71,8806285.6,8713158.54,9178749.62,10088598.49
Kota Surakarta,37771066.12,41042339.48,44429816.95,47999714.41,47621820.53,50371564.19,55964803.85
Kota Salatiga,10534591.57,11382348.72,12339179.98,13310955.95,13271841.36,14008905.62,15407642.3
Kota Semarang,147049319.8,160292032,175223201.3,191352036.3,188731693.9,204871001.7,227619168.1
Kota Pekalongan,8507535.11,9274261.81,10089284.87,10873976.04,10848872.87,11460582.99,12599933.42
Kota Tegal,11963075.45,12996752.28,14104486.26,15284713.52,15224684.62,16017044.53,17706313.13
Kulon Progo,8312004.62,9060465.33,10312524.4,11995771.6,11738121.61,12599819.55,14303541.52
Bantul,20913085.87,22611706.74,24450119.35,26310972.65,26137015.43,28123173.73,31197825.1
Gunung Kidul,14980280.92,16199841.88,17527715.77,18844736.16,18936171.51,20427097.24,22742949.76
Sleman,36932843.19,40047863.6,43779043.69,47467978.09,45654719.61,49397607.49,54656658.04
Kota Yogyakarta,28895413.05,31309045.23,33787580.59,36492640.29,35724046.2,38540649,42628181.76
Pacitan,12767107.16,13775322.27,14968406.92,15961908.38,15785198.22,16381242.92,17986467.59
Ponorogo,16419185.21,17690420.18,19174225.22,20483747.99,20513377.29,21350008.03,23028248.81
Trenggalek,14915815.54,16081654.54,17354536.72,18553191.68,18314461.26,19198246.56,20882311.9
Tulungagung,31126134.19,33640178,36496034.11,39215494.09,38225985.76,40166674.57,44133475.7
Blitar,29335080.94,31574359.64,34117382.48,36447136.4,36023963.44,37819725.54,41379309.56
Kediri,33211388.47,35789536.58,38588231.96,41183683.13,40626769.97,42692711.18,46665030.99
Malang,81784426.73,88979167.77,96827576.78,103744108.3,102027831.6,107036381.2,117457030.3
Lumajang,26651841.83,28632849.08,30690435.08,32620951.1,32062005.43,33678623.82,36663727.61
Jember,62512680.47,67389720.71,72012095.82,77225705.69,76039982.77,81068836.11,88075446.11
Banyuwangi,66345968.12,72130211.49,77842238.51,83595729.11,81102879.31,85918574.83,93298945.07
Bondowoso,15862629.59,17126689.64,18494809.78,19854048.49,19935592.83,21052227.04,22901855.26
Situbondo,16280756.23,17475016.03,18857949.19,20210136.3,20041854.99,21200850.96,23128644.08
Probolinggo,28067417.49,29961627.15,32012209.36,34013658.49,33721074.7,35605523.95,38932779.06
Pasuruan,114882794.1,124879824.9,135865997.3,145875790.9,145592018.2,157150726.2,172654172.2
Sidoarjo,160020653.4,174180087.6,189256005.5,204201621.6,197240690.8,210650178.1,245222460.6
Mojokerto,65115825.4,70763170.44,76678340.3,82387909.08,81940857.92,87145023.17,95738109.45
Jombang,31982916.4,34819819.9,37880234.58,40452477.72,39870881.37,41747215.67,45930422.31
Nganjuk,21113913.82,22799234.53,24782292.72,26651116.15,26601161.82,28053330.72,30819748.28
Madiun,15226950.78,16374841.49,17636096.67,18931550.75,19166561.45,20024414.05,21879380.17
Magetan,15196416.51,16293369.22,17623924.55,18850232.7,18771762.65,19587872.44,21194741.15
Ngawi,16529645.44,17710412.32,19140125.79,20432646.96,20270971.9,20814462.59,22454952.86
Bojonegoro,55581366.82,64866179.79,73228592.69,78046325.64,70258513.15,84200914.33,100492890.2
Tuban,52307042.65,56401066.51,60739045.79,64992760.39,62323068.16,65911734.22,75187654.03
Lamongan,31707259.2,34270505.03,37224236.78,39725484.59,39169585.94,41042888.64,45441047.25
Gresik,107876584.7,118519230.8,130229387.3,138893603.7,134268558.4,144656069.9,163907912.3
Bangkalan,20134399.74,21654591.44,23846656.1,24664205.21,23290005.86,24756707.15,27164196.77
Sampang,16244981.29,17619499.54,19105375.54,19788732.21,19842573.38,20638846.36,23009313.55
Pamekasan,13528033.51,14620575.97,15912846.04,17028502.84,16793846.98,17659220.99,19263350.51
Sumenep,28970738.52,30546237.92,32703554.24,33298636.46,32750242.14,35300157.05,40255322.85
Kota Kediri,106396452.5,115650217.2,127716773.7,139244873.6,132406061.1,141467122.9,152791144.6
Kota Blitar,5331286.72,5782364.14,6301693,6791619.37,6708144.94,7113597.21,7833939.5
Kota Malang,57170601.59,62089303.68,67696347.84,72764205.45,72163188.51,76617344.92,84807432.08
Kota Probolinggo,8888112.97,9660035.06,10521393.65,11349178.22,11074503.33,11699903.01,12931380.88
Kota Pasuruan,6559009.28,7105188.52,7707010.78,8287819.46,8047228.39,8491125.83,9452824.46
Kota Mojokerto,5370366.43,5828234.68,6333225.96,6801696.59,6588057.71,6935632.33,7637024.08
Kota Madiun,11184109.38,12111900.47,13128893.64,14107339.9,13519884.86,14435427.95,15825612.53
Kota Surabaya,451383235.7,493026304.5,538845464.9,580488529,554509457.4,590227115.8,655616221.6
Kota Batu,12901676.73,14241465.52,15640890.16,16924991.2,15916798.76,16841143.98,18587601.95
Pandeglang,22139872.3,24182302.52,26183539.56,27931123.75,28371050.11,29843279.88,32025112.53
Lebak,22482282.68,24485545.31,26602743.2,28725281.3,29055011.56,30804314.86,33469202.33
Tangerang,109397781.9,118994083.8,129825980.8,140089287.6,135731681.9,145283676.5,160168176.8
Serang,60870172.49,65905439.09,71521738.86,76906395.06,75880724.65,80231264.41,87983132.91
Kota Tangerang,136182236.1,149005544.8,161359628.3,171732446.3,143022763.7,150139001.8,182210783.9
Kota Cilegon,81953574,88871488.8,96909883.4,103931063.6,102731768.6,110497918.3,120746796.6
Kota Serang,24054820.16,26452445.43,28980866.42,31602577.25,31666094.97,33503984.71,36723840.08
Kota Tangerang Selatan,61300797.1,67980904.38,75043782.35,82769481.67,82531471.53,88065801.67,96136882.58
Jembrana,11167668.32,12116480.97,13136607.05,14136696.15,13437613.88,13510634.96,14532255.74
Tabanan,18630249.73,20376580.82,22127882.05,23795932.13,22257584.9,22021142.15,23681297.92
Badung,47208168.58,52343653.65,57791252.39,62836113.71,49026027.29,44882080.18,55290000.16
Gianyar,22113248.92,24224219.01,26460397.14,28520276.65,25841721.14,25788227.04,27944205.76
Klungkung,7112017.62,7784619.12,8459337.54,9099504.1,8450673.79,8534432.93,9210208.54
Bangli,5457228.4,5976573.29,6490234.11,6993642.45,6716085.63,6825455.95,7337505.92
Karangasem,13410890.81,14598384.61,15886255.44,17086880.04,16399774.86,16506624.87,17669491.36
Buleleng,27690111.55,30318755.13,32926626.84,35362315.65,33302721.44,33363288.29,35805284.19
Kota Denpasar,42384434.38,46835754.88,51374779.12,55456044.06,49607461.84,49687176.87,54650427.19
Lombok Barat,12633108.42,13942828.32,14470435.89,15452078.97,14567264.74,15407346.12,16561845.38
Lombok Tengah,14423751.17,15779244.25,16702136.71,17847298.26,16666623.89,17686597.23,19243330.35
Lombok Timur,15971050.95,17549454.41,18835069.42,20312142.09,20019036.31,21053632.77,22599855.8
Sumbawa,11373041.39,12648920.99,13686854.44,14803285.32,14446250.14,15011023.46,16093638.72
Dompu,5554267.88,6144742.11,6670370.66,7164672.91,7064359.52,7339065.88,7825997.01
Bima,9130540.37,10030687.02,10832083.05,11630913.49,11406410.58,11857261.13,12735030.25
Sumbawa Barat,25731463.84,23938406.18,17143397.69,17431937.24,22764196.8,23764531.63,31512494.38
Lombok Utara,3972339.1,4353683.2,4461899.51,4862645.87,4549104.46,4715399.02,5050980.27
Kota Mataram,14799967.44,16521355.94,17964323.18,19477378.82,18669607.67,19696503.08,21182263.55
Kota Bima,3299429.61,3632894.65,3945922.44,4267454.87,4133087.39,4300753.56,4574612.88
Sumba Barat,1827798.88,1988825.4,2168939.69,2334270.55,2351536.21,2416823.98,2583328.17
Sumba Timur,4958378.6,5370176.55,5816332.94,6256177.54,6254369.23,6403409.51,6825709.43
Kupang,6020701.71,6530311.3,7140157.68,7602122.2,7637388.05,7986115.34,8482036.63
Timor Tengah Selatan,6158789,6727603.93,7369199.07,7919627.89,7942761.08,8243252.17,8810387.57
Timor Tengah Utara,3269833.75,3532401.9,3825631.29,4088904.66,4082274.46,4222698.47,4493531.05
Belu,3451520.77,3784671.22,4147192.39,4482254.45,4549707.19,4699016.88,5037063.48
Alor,2409878.18,2594740.35,2831309.8,3055042.2,3052784.74,3166850.46,3362313.43
Lembata,1465327.12,1586163.06,1724744.75,1856806.64,1854272.91,1912757,2018074.56
Flores Timur,4163252.66,4511123.61,4900913.87,5246068.64,5269530.16,5380269.41,5643376.17
Sikka,3973809.47,4326749.11,4732351.03,5121992.55,5112018.75,5317677.89,5703285.2
Ende,4910666.46,5266647.4,5689963.48,6105192.79,6075210.35,6314656.6,6792616.92
Ngada,2788919.74,3014618.68,3233025.3,3473019.37,3493655.06,3578328.53,3819385.61
Manggarai,3640754.76,3964645.6,4332594.72,4677114.28,4646207.55,4762395.77,4994854.86
Rote Ndao,2404822.55,2635282.43,2883900.16,3133983.68,3169434.41,3279565.33,3517705.87
Manggarai Barat,2656881.72,2896539.4,3187960.31,3466379.69,3519370.01,3611635.58,3883612.14
Sumba Tengah,917156.6,999011.85,1093556.51,1176634.28,1195858.81,1230398.45,1303392.28
Sumba Barat Daya,2960487.63,3198892.3,3478338,3754697.9,3769102.22,3887066.39,4175045.97
Nagekeo,1772395.72,1928589.99,2102044.11,2241365.6,2271905.01,2346339.22,2487416.23
Manggarai Timur,2493607.12,2720529.18,2969624.88,3212949.34,3288765.17,3412906.17,3649841.02
Sabu Raijua,1079238.74,1190444.51,1306609.03,1416734.04,1414515.37,1448629.29,1543494.85
Malaka,2180755.16,2357373.35,2567429.42,2780150.45,2832646.9,2929898.08,3146299.56
Kota Kupang,18763435.12,20571174.23,22498164.62,24410950.69,23913107.35,24410337.33,26199550.26
Sambas,16026436.38,17506898.83,18984588.5,20529976.46,20669991.11,22293194.08,24415408.15
Bengkayang,6724042.41,7389965.41,7999796.42,8645002.95,8672733.96,9318527.82,10324506.41
Landak,8193698.63,8963775.89,9755298.04,10546904.63,10739185.16,11614172.69,12775764.64
Mempawah,6320309.8,6968917.65,7603864.08,8298154.64,8545286.33,9084515.84,9955619.85
Sanggau,15472499.26,16897887.24,18119163.6,19158574.37,19921366.78,21678774.37,23847058.94
Ketapang,20021146.13,22495910.92,25000288.86,27488713.49,28105903.35,30911315.92,34315187
Sintang,11202046.76,12282698.81,13390619.49,14681419.84,14711073.81,15749078.86,17330129.01
Kapuas Hulu,7842491.2,8678123.81,9427193.33,10205696.04,10273876.1,11071935.29,12187100.86
Sekadau,4808581.69,5314817.43,5856919.48,6432288.91,6568785.1,7132689.94,7884125.76
Melawi,4007440.04,4359086.19,4740568.63,5143748.58,5232208.59,5626604.42,6176540.85
Kayong Utara,3152560.95,3490006.3,3796363.35,4133122.22,4206755.27,4533991.24,4980741.54
Kubu Raya,21135942.12,23700994.16,26343571.76,29105094.88,28930519.41,31231417.06,35275464.64
Kota Pontianak,30474535.15,33416835.37,36075298.95,38708215.95,37648509.69,40200359.04,44320310.5
Kota Singkawang,8223235.81,9013049.66,9691384.46,10228390.5,10126224.99,10877846.7,11931618.9
Kotawaringin Barat,14578520.84,16344793.95,17827431.51,19332098.04,20521899.85,23708753.57,26265063.99
Kotawaringin Timur,19622899.89,22390687.01,24565446.71,26809508.03,26996329.66,29678169.54,33458430.49
Kapuas,12002852.43,13561465.61,15177558.35,16616838.7,16565137.1,18695936.39,22998135.63
Barito Selatan,4889187.37,5410055.7,5946350.99,6369126.15,6277921.75,6681133.27,8131626.99
Barito Utara,7358808.86,8254823.99,9220709.14,9801119.59,9391707.3,10565226,14297642.46
Sukamara,3205097.36,3579967.13,3876161.3,4193483.92,4421503.75,4943668.71,5459988.14
Lamandau,4072716.06,4524346.54,5005075.35,5489935.61,5773834.62,6566594.46,7343096.79
Seruyan,6909310.67,7585616.3,8061833.49,8552209.91,8768548.77,9890066.35,10808711.83
Katingan,6127500.86,6805596.05,7526197.34,8223734.66,8297242.54,9040860.54,9968593.07
Pulang Pisau,4029798.26,4435289.81,4882525.05,5297948.62,5588534.44,5969695.94,6464138.66
Gunung Mas,4234268.64,4694379.02,5159194.47,5737900.49,6275035.35,7173231.74,8135262.31
Barito Timur,5627639.07,6323809.97,7043149.5,7548501.93,7103694.89,7949947.24,10945007.21
Murung Raya,6148638.05,6831135.71,7612047.58,8138125.22,7762811.3,8917593.23,12998614.08
Kota Palangka Raya,12792939.98,14532145.67,16603158.62,18330719.52,18277196.12,19649166.94,21954874.76
Tanah Laut,11392817.74,12329412.41,13241237.45,13902297.08,13786685.56,15326244.74,19019178.93
Kota Baru,19489362.72,21336569.18,22863018.51,24113346.66,23957046.98,26492463.18,33313304.08
Banjar,13339967.45,14411981.69,15569054.28,16626075.57,16527375.5,17934282.46,21071724.88
Barito Kuala,6843250.46,7444774.66,8055963.53,8696327.87,8710471.97,9174921.47,9871873.16
Tapin,6897021.12,7430807.64,7999159.37,8438249.39,8393891.5,9387409.72,12770255.04
Hulu Sungai Selatan,5198552.51,5655334.31,6158256.68,6555479.18,6564931.01,7125712.36,8349097.08
Hulu Sungai Tengah,5647634.82,6109980.6,6579335.7,7039389.04,7052349.92,7394016.1,7947821.59
Hulu Sungai Utara,3865387.5,4190377.35,4573844.56,4940268,4968807.73,5253448.85,5671781.95
Tabalong,15276908.66,16211699.57,17319538.88,18175413.59,17742456.98,19934957.43,29172842.76
Tanah Bumbu,16559268.28,17861272.06,19074223.89,20036047.04,19899648.32,22387305.27,31058585.38
Balangan,9418512.88,10061817.36,10751678.17,11027661.3,10722299.39,12201610.56,19540390.18
Kota Banjarmasin,25294181.86,27838797.46,30394019.77,33012593.07,32727171.4,34596065,38498355.31
Kota Banjar Baru,7171819.77,7932470.34,8734149.61,9701100.82,9538459.18,10003080.05,11788180.52
Paser,37289694.49,43954254.84,48054117.69,48025891.19,43234505.66,53887948.57,76201776.04
Kutai Barat,22021133.01,25787193.5,28353170.54,29135145.3,27169270.71,32093136.01,43409061.26
Kutai Kartanegara,127869342.8,149220000,161920385.8,162105543.9,149045196.8,177416584.2,240402389.8
Kutai Timur,95186295.59,120264728.8,127935404,133873512.6,115555661.6,136617573.3,211094483.7
Berau,30814337.31,35656556.18,37661474.14,39104693.57,35450848.9,43036483.47,60155558.08
Penajam Paser Utara,7681674.05,8480809.02,8877834.1,9124942.07,9050576.5,10089643.12,13187390.18
Mahakam Ulu,2142118.32,2337696.08,2511282.43,2718225.58,2765994.39,2972865.58,3169293.29
Kota Balikpapan,80201919.72,87716528.79,97699383.86,105138568.1,103918750.6,111382197.7,127325667.4
Kota Samarinda,52647368.58,58443748.71,63564686.76,67604540.75,66526911.43,71170547.8,83335592.94
Kota Bontang,55239308.65,58885677.79,58785886.17,58006656.54,55664039.6,57949626.32,63109984.27
Malinau,7288638.2,8497620.25,9364802.62,10618375.54,11155866.33,12858768.65,17573724.45
Bulungan,13634741.06,15265248.47,16796823.01,18344046.92,18736572.3,20341959.1,24222774.6
Tana Tidung,4209730.69,4753743.1,5145591.47,5663548.71,5873234.17,6673092.18,8610140.61
Nunukan,16501994.36,20040898.42,22576028.62,25430864.44,26300564.4,29779871.6,40229006.3
Kota Tarakan,24386398.17,28004129.76,31670824.12,36266948.88,38053065.97,41858398.34,47493261.34
Bolaang Mongondow,5947053.38,6524201.18,7221430.9,8030465.12,8392403.2,8970178.47,9776743.18
Minahasa,13326819.15,14496512.68,15773922.44,17119637.74,17427126.46,18643140.67,20369103.9
Kepulauan Sangihe,3363679.48,3663011.76,3931775.73,4247878.03,4383252.81,4791110.18,5223114.39
Kepulauan Talaud,1772970.15,1919783.49,2048962.9,2207729.55,2266563.68,2421876.51,2631254.5
Minahasa Selatan,6667584.73,7344250.34,7949041.78,8599650.08,8780262.07,9581826.32,10526853.35
Minahasa Utara,10405744.19,11449667.63,12623408.43,13838672.96,14372458.61,15699365.59,17226062.26
Bolaang Mongondow Utara,1923674.72,2103357.59,2282855.64,2487774.7,2574259.52,2727972.97,2982217.05
Siau Tagulandang Biaro,1765051.27,1950875.85,2160077.01,2366737.63,2447459.91,2626950.56,2856399.1
Minahasa Tenggara,3962468.07,4365550.32,4713095.7,5112061.18,5213518.88,5623625.04,6147384.78
Bolaang Mongondow Selatan,1576710,1727328.66,1900606.44,2083907.77,2153237.67,2296392.54,2503515.64
Bolaang Mongondow Timur,2207983.8,2422595.92,2626467.67,2878949.6,3080903.6,3246497.2,3532941.18
Kota Manado,28331188.95,31111634.38,34200431.94,37386743.27,36618403.14,39531000.8,43920436.56
Kota Bitung,12682455.27,14082679.26,15163426.63,16309509.56,17084995.56,18677629.81,20620259.81
Kota Tomohon,3222611.12,3593272.53,3921193.83,4290122.19,4371177.86,4586612.44,5034345.22
Kota Kotamobagu,2718998.74,2985959.48,3334652.03,3694343.99,3791274.78,4032377.5,4412657.65
Banggai Kepulauan,2997231.27,3299736.46,3601970.38,3865667.56,3833548.05,4130115.22,4568791.04
Banggai,20879285,23843658.69,26853265.89,29527932.6,27360880.1,30845705.5,40884589.93
Morowali,14533426.36,17035853.36,37356484.45,45349583.77,62148344.27,98916807.42,146599319.4
Poso,7285051.51,8021441.15,8687017.64,9471862.45,9214474.12,9932090.61,10891751.76
Donggala,9983620.54,10765789.17,11260129.7,12040466.7,11737411.49,12558316.49,13769850.83
Toli-Toli,6564899.37,7137848.95,7866878.19,8452601.36,8320823.11,8901213.79,9697264.87
Buol,4808971.86,5146510.12,5521973.16,5716683.62,5637527.18,6133097.36,6712637.69
Parigi Moutong,14245743,15802166.15,16971882.56,17844979.6,17197683.9,18438952.1,20061496.63
Tojo Una-Una,4595223.56,4989815.19,5302054.69,5691846.82,5586625.29,5938990.44,6376490.46
Sigi,7263948.35,7876671.1,8422171.97,8979021.84,9029080.49,9729697.88,10600722.75
Banggai Laut,1843187.04,2006463.48,2233054.88,2390825.91,2372478.16,2525763.43,2803560.31
Morowali Utara,8317377.26,8968534.09,10161290.28,11091330.58,11160860.58,13102645.27,21098783.3
Kota Palu,18570030.36,20416019.12,22726172.53,25033058.8,24165891.06,26170654.93,28445143.63
Kepulauan Selayar,4666086.03,5223199.38,5857277.94,6444224.78,6392741.35,6835395.93,7480469.86
Bulukumba,10769938.29,12068741.55,13198917.32,14214593.94,14565486.46,15868864.34,17233311.24
Bantaeng,6297397.01,6942456,7769501.82,8781044.54,8970476.77,10081398.85,12164144.5
Jeneponto,7849191.66,8614595.11,9416911.73,10089861.29,10288558.63,11053253.56,11779825.13
Takalar,7750360.01,8559004.6,9324821.98,10157346.94,10220311.17,11126106.9,12257053.58
Gowa,15471108.22,17192664.1,19071982.68,20938996.54,21531877.32,23536837.73,25611853.02
Sinjai,8294879.43,9138199.86,10163057.33,10960624.78,11325053.91,12297080.12,13530369.3
Maros,17861530.8,19440014.72,21311332.1,22717974.51,18621037.74,19005611.47,23544303.31
Pangkajene dan Kepulauan,20555568.88,22293955.79,23944893.26,25990178.03,25662546.57,27574738.39,30481857.34
Barru,5458751.84,5961951.15,6614101.75,7271220.83,7432295.76,8057257.24,8878366.64
Bone,26254402.04,29319723.69,33120526.6,36034839.17,36560640.4,39369964.17,43640843.99
Soppeng,7895939.53,8876207.02,10005938.3,10938272.12,11382122.02,12426781.61,13741836.11
Wajo,16544735.87,17832106.02,18709890.44,19838813.53,19773053.62,22319744.48,24352778.91
Sidenreng Rappang,10741961.6,11914878.78,12937370.32,13893724.49,14073432.74,15250127.36,16698995.21
Pinrang,14703754.25,16360561.94,18087778.99,19630319.95,20083012.97,21758576.93,23765146.26
Enrekang,5890898.31,6360506.96,6719799.76,7298244.01,7528639.59,8204106.07,9025308.21
Luwu,11851862.13,13026830.89,14441940.32,15657672.08,16031067.61,17839990.46,19980972.19
Tana Toraja,5460379.59,6054907.73,6824872.59,7479773.62,7571142.15,8087091.55,8757441.62
Luwu Utara,9776941.87,10787078.51,11999256.5,13047331.17,13237249.37,14408381.08,16050743.43
Luwu Timur,17395068.4,18341283.09,20393893.93,20994219.79,21529809.64,23614515.03,28407908.38
Toraja Utara,6788214.99,7720936.47,8696497.07,9596352.48,9721428.13,10344298.97,11311305.84
Kota Makasar,128045368.7,142448701.4,160207659.3,178430057.2,178332992.8,190318065.3,208935792.3
Kota Parepare,5525927,6092581.33,6602362.55,7230401.13,7323651.3,7826238.24,8697277.09
Kota Palopo,5886518.12,6514938.67,7285142.35,7942481.04,8025289.92,8714311.89,9767894.84
Buton,3048271.39,3285243.3,3549806.49,3838522.3,3816726.37,4036294.35,4595486.64
Muna,5455094.26,5920798.17,6420780.55,6928623.3,6983650.85,7365510.8,8261286.83
Konawe,6655644.05,7233615.88,8286262.01,9514356.57,10362225.67,11542294.53,14269547.47
Kolaka,18374426.92,21337133.57,23656632.04,25891406.81,25622949.15,27532648.08,31407162.56
Konawe Selatan,9221685.82,10197998.29,11170287.17,12105045.68,11823219.79,12654684.64,14536501.44
Bombana,4929882.91,5478862.88,5896515.23,6385420.45,6559653.39,6913334.35,7780295.81
Wakatobi,3303672.35,3629020.78,3997974.59,4355854.77,4429269.33,4708750.5,5241897.63
Kolaka Utara,6608051.53,7262120.28,7955539.21,8674218.43,8835243.98,9188014.05,10110989.96
Buton Utara,2407383.2,2644755.44,2876546.92,3130904.14,3211187.78,3420716.92,3801577.64
Konawe Utara,2959426.32,3263494.79,3591795.67,3926028.91,3966227.31,4262560.98,4799246.7
Kolaka Timur,3501839.53,3795898.57,4065157.73,4427152.31,4496336.7,4834045.14,5273679.65
Konawe Kepulauan,1041454.85,1152590.12,1262006.84,1384400.77,1398579.7,1467816.51,1579445.65
Muna Barat,1967478.71,2141049.79,2358289.69,2589005.44,2618031.13,2789510.16,3070004.01
Buton Tengah,1799687,1975533.47,2169779.51,2337242.14,2428673.5,2536097.61,2794153.98
Buton Selatan,2235730.15,2464265.38,2693687.35,2905029.02,2874729.8,2993971.15,3314103.26
Kota Kendari,17066573.56,18664137,20285726.42,22153506.64,22045697.95,23689814.51,26455947.2
Kota Baubau,6776550.04,7507917.74,8251064.01,9037831.28,9075847.22,9627567.12,10711389.94
Boalemo,4140199.84,4534413.48,4953066.88,5411181.78,5490261.32,5732643.89,6111907.41
Kab Gorontalo,9993983.32,10884657.23,11834516.01,12880839.3,13044896.59,13713963.08,14889329.4
Pohuwato,5118663.7,5576607.45,6083528.57,6621889.02,6736096.55,7055541.65,7535989.85
Bone Bolango,3508130.52,3850320.91,4201159.27,4578245.84,4648780.64,4875938.64,5278687.98
Gorontalo Utara,2561091.2,2806611.57,3079617.49,3369049.12,3429387.62,3592422.36,3853833.24
Kota Gorontalo,6466378.45,7096838.22,7748239.18,8452775.68,8535980.21,8987562.53,9755747.17
Majene,3800987.8,4190428.24,4612692.58,4970738.55,4986821.27,5204281.25,5536729.49
Polewali Mandar,10314865.09,11334564.97,12442690.11,13369858.8,13272645.66,13803295.58,14842825.68
Mamasa,2333178.48,2533788.6,2763513.22,2977766.41,2991984.64,3129993.12,3294422.96
Mamuju,9090269.25,10027449.74,10999826.42,11721694.55,11700056.01,12434742.35,13380485.7
Mamuju Utara,8043929.68,8812815.95,9584654.66,10094151.31,10287414.97,12390482.68,13185263.23
Mamuju Tengah,2486430.74,2693678.06,2974458.63,3146390.86,3213398.65,3563482.38,3813778.22
Maluku Tenggara Barat,2108957.01,2291557.11,2484814.22,2684243.81,2712525.22,2868143.99,3153219.54
Maluku Tenggara,2499082.25,2753584.7,2986767.79,3225119.16,3260396.32,3431332.18,3784946.24
Maluku Tengah,7036810.78,7554920.82,8093698.98,8659718.56,8719172.19,9099878.41,9985587.48
Buru,1911674.26,2066183.13,2241801.38,2404071.76,2424732.26,2525974.46,2774403.09
Kepulauan Aru,2815719.65,3035439.97,3252879.09,3476139.55,3503735.49,3669828.68,4044846.36
Seram Bagian Barat,2424706.05,2620026.73,2810460.11,3001670.99,3029729.51,3173043.6,3499092.74
Seram Bagian Timur,2240227.93,2521150.15,2850258.28,2904398.46,2914079.35,3177711.08,3638142.75
Maluku Barat Daya,1300435.71,1404693.12,1521634.17,1645531.83,1670538.75,1737851.48,1899908.23
Buru Selatan,1112603.93,1206615.92,1304710.36,1405878.87,1418560.52,1483552.34,1627227.44
Kota Ambon,11994286.15,12824347.29,13822431.18,14808718.93,14706629.91,15562668.88,17180416.36
Kota Tual,1902436.72,2093661.54,2275288.2,2457317.31,2491340.85,2623604.41,2896960.15
Halmahera Barat,1786244.72,1943235.19,2084519.54,2242565.04,2276383.81,2352693.91,2532226.19
Halmahera Tengah,1768970.74,1931454.59,2195694.05,2416986.73,3291698.44,9658075.15,21137751.14
Kepulauan Sula,1948343.82,2117993.63,2287171.22,2484456.92,2507630.61,2597922.23,2866205.79
Halmahera Selatan,4359407.22,5138870.9,6317524.38,7221424.1,8714826.58,10925049.29,14301099.46
Halmahera Utara,4481164.72,4960428.65,5378465.88,5592458.62,5689636.66,6002947.32,6436717.76
Halmahera Timur,2512604.25,2751599.94,3206112.66,3484594.74,3541281.12,3930413.94,4180712.5
Pulau Morotai,1201896.72,1318618.37,1438405.88,1528461.54,1572463.55,1641983.99,1749114.6
Pulau Taliabu,1066095.94,1157176.79,1325581.03,1449280.97,1481429.22,1709986.08,1877137.83
Kota Ternate,7877219.49,8687261.07,9687833.41,10632249.58,10480199.66,10974363.32,12305484.79
Kota Tidore Kepulauan,2256383.99,2440999.12,2660796.74,2880484.17,2939566.79,3028404.56,3292906.83
Fakfak,4078847.29,4495038.3,4904662.1,5263400.01,5200934.32,5340478.25,5598815.08
Kaimana,2153068.36,2366402.14,2580272.03,2740004.47,2699399.61,2672399.36,2741693.27
Teluk Wondama,1211720.13,1339523.56,1450803.87,1561238.5,1538381.19,1559346.28,1663269.57
Teluk Bintuni,24644843.79,25877170.93,28998662.89,31332444.58,31006052.11,31380552.91,34935197.12
Manokwari,7618978.16,8380671.2,9159626.19,9767074.92,9327745.73,9834864.51,10292133.14
Sorong Selatan,1481089.27,1629113.26,1760316.66,1908124.62,1859607.07,1965129.27,2104565.19
Sorong,8941760.32,9433808.46,10489106.57,11066402.29,10791867.4,11194701.56,11545124.9
Raja Ampat,2416183.08,2472277.55,2703433.37,2960189.55,2983263.57,3434840.44,4066081.85
Tambrauw,174984.6,193672.86,212314.68,236188.78,238735.82,243689.75,255920.23
Maybrat,544384.47,608704.42,675632.09,734878.72,732067.73,751293.99,783841.62
Manokwari Selatan,648129.09,697826.86,757544.02,844693.73,832753.47,859469.3,887712.51
Pegunungan Arfak,156855.95,167511.35,187679.91,207470.35,226967.77,242960.85,279441.37
Kota Sorong,12363348.45,13821686.53,15097466.21,15895710.81,15639292.75,15475713.35,16169130.24
Merauke,11677522.24,12880197.72,14536817.92,16023135.34,16026177.57,16348481.81,17326133.19
Jayawijaya,6130625.98,6802801.85,7614070.79,8331539.26,8255378.36,8438720.65,9166376.36
Jayapura,11510819.41,12891148.42,14531351.24,16381306.12,15974726.72,17024610.79,18214759.04
Nabire,8617129.06,9483997.59,10340871.94,11084220.05,11178380.9,12015163.23,12692861.49
Kepulauan Yapen,3347134.84,3610759.64,3907656.82,4250565.02,4150234.46,4472789.89,4657798.79
Biak Numfor,5052004.12,4991922.71,5183882.22,5486107.53,5223669.5,5500036.48,5885764.85
Paniai,3279409.05,3529979.29,3894878.91,4181796.55,4283393.78,4446534.78,4705228.7
Puncak Jaya,1124021.23,1207060.98,1300994.67,1404627.28,1387234.12,1407071.97,1450208.82
Mimika,64963006,74227269.06,85333875.01,54834540.28,63716335.09,95216352.2,110407810.4
Boven Digoel,3918084.45,4264634,4566549.78,4818163.77,4820544.4,4952108.1,5073332.22
Mappi,2171824.81,2428701.71,2674531.74,2957682.98,2991706.66,3126986.82,3350635.71
Asmat,1832209.21,2038249.15,2258836.8,2470834.23,2569009.86,2694794.31,2885876.31
Yahukimo,1845084.14,2049187.57,2231866.09,2422166.84,2504255.58,2626037.93,2704566.43
Pegunungan Bintang,1470157.03,1620159.59,1763242.6,1913609,1968754.16,2079566.63,2202882.19
Tolikara,1233926.41,1346817.43,1463354.55,1593214.05,1672316.2,1715523.85,1834246.37
Sarmi,2058305.17,2292218.73,2534430.42,2819691.88,2937445.8,3117173.56,3304366.1
Keerom,2336181.86,2540848.76,2701905.41,2855769.65,2925043.71,3060427.35,3206203.9
Waropen,1601465.36,1762695.91,1916368.63,2052786.84,2044753.02,2114268.75,2313603.36
Supiori,830435.39,893200.62,946748.46,1009182.25,1042046.53,1087346.71,1139201.53
Mamberamo Raya,1189023.71,1333828.01,1484862.81,1646546.47,1722344.09,1835562.16,1976407.56
Nduga,908485.53,1019098.32,1118455.39,1216569.56,1269942.27,1345724.47,1413564.28
Lanny Jaya,1382987.55,1530443.55,1676460.88,1828866.55,1930042.15,2020051.93,2145984.03
Mamberamo Tengah,899636.12,988831.57,1080533.34,1163650.26,1213549.36,1261727.85,1287092.95
Yalimo,915638.97,1007186.18,1115609.9,1221433.89,1283663.57,1354408.92,1440286.43
Puncak,1029521.82,1150191.15,1286280.95,1400812.17,1438051.2,1513264.81,1612809.92
Dogiyai,1001944.37,1098784.65,1207712.89,1313231.87,1355634.4,1411759.29,1445339.59
Intan Jaya,1020714.7,1086636.9,1183785.69,1248658.73,1273026.86,1303463.47,1362067.73
Deiyai,1063060.95,1157359.22,1267399.51,1389136.93,1435664.55,1490801.19,1574243.63
Kota Jayapura,26029777.03,28117031.35,30422576.27,32325747.5,32019125.94,33138990.95,35428724.03