Province/Regency/City,2016,2017,2018,2019,2020,2021,2022,2023
ACEH,70,70.6,71.19,71.9,71.99,72.18,72.8,73.4
Simeulue,63.82,64.41,64.74,65.7,66.03,66.41,67.27,68.06
Aceh Singkil,66.96,67.37,68.02,68.91,68.94,69.22,69.62,70.14
Aceh Selatan,64.13,65.03,65.92,66.9,67.12,67.44,67.87,68.44
Aceh Tenggara,67.48,68.09,68.67,69.36,69.37,69.44,70.32,71.05
Aceh Timur,65.42,66.32,66.82,67.39,67.63,67.83,68.72,69.32
Aceh Tengah,72.04,72.19,72.64,73.14,73.24,73.37,73.95,74.6
Aceh Barat,69.26,70.2,70.47,71.22,71.38,71.67,72.34,72.88
Aceh Besar,71.75,72,72.73,73.55,73.56,73.58,74,74.53
Pidie,69.06,69.52,69.93,70.41,70.63,70.7,71.2,71.66
Bireuen,70.21,71.11,71.37,72.27,72.28,72.33,73.16,73.63
Aceh Utara,67.19,67.67,68.36,69.22,69.33,69.46,70.22,70.87
Aceh Barat Daya,64.57,65.09,65.67,66.56,66.75,66.99,67.41,68.07
Gayo Lues,64.26,65.01,65.88,66.87,67.22,67.56,68.25,68.93
Aceh Tamiang,67.41,67.99,68.45,69.23,69.24,69.48,70.43,71.35
Nagan Raya,67.32,67.78,68.15,69.11,69.18,69.31,70.1,70.78
Aceh Jaya,67.7,68.07,68.83,69.74,69.75,69.84,70.36,70.88
Bener Meriah,71.42,71.89,72.14,72.97,72.98,73.27,73.9,74.49
Pidie Jaya,71.13,71.73,72.12,72.87,73.2,73.6,74.34,74.8
Kota Banda Aceh,83.73,83.95,84.37,85.07,85.41,85.71,86.28,86.69
Kota Sabang,73.36,74.1,74.82,75.77,75.78,76.11,76.85,77.52
Kota Langsa,75.41,75.89,76.34,77.16,77.17,77.44,77.82,78.36
Kota Lhokseumawe,75.78,76.34,76.62,77.3,77.31,77.57,78.04,78.92
Kota Subulussalam,62.18,62.88,63.48,64.46,64.93,65.27,66.2,67.1
SUMATERA UTARA,70,70.57,71.18,71.74,71.77,72,72.71,73.37
Nias,59.75,60.21,60.82,61.65,61.93,62.74,63.69,64.56
Mandailing Natal,64.55,65.13,65.83,66.52,66.79,67.19,68.05,68.56
Tapanuli Selatan,68.04,68.69,69.1,69.75,70.12,70.33,70.92,71.55
Tapanuli Tengah,67.27,67.96,68.27,68.86,69.23,69.61,70.31,70.91
Tapanuli Utara,71.96,72.38,72.91,73.33,73.47,73.76,74.14,74.65
Toba Samosir / Toba,73.61,73.87,74.48,74.92,75.16,75.39,75.96,76.38
Labuhan Batu,70.5,71,71.39,71.94,72.01,72.09,72.92,73.69
Asahan,68.71,69.1,69.49,69.92,70.29,70.49,71.13,71.56
Simalungun,71.48,71.83,72.49,72.98,73.25,73.4,73.77,74.29
Dairi,69.61,70.36,70.89,71.42,71.57,71.84,72.56,73.27
Karo,73.29,73.53,73.91,74.25,74.43,74.83,75.36,75.98
Deli Serdang,73.51,73.94,74.92,75.43,75.44,75.53,76.19,76.52
Langkat,69.13,69.82,70.27,70.76,71,71.35,71.86,72.21
Nias Selatan,59.14,59.85,60.75,61.59,61.89,62.35,63.17,64.12
Humbang Hasundutan,66.56,67.3,67.96,68.83,68.87,69.41,70.32,70.75
Pakpak Bharat,65.81,66.25,66.63,67.47,67.59,67.94,68.85,69.58
Samosir,68.82,69.43,69.99,70.55,70.63,70.83,71.67,72.08
Serdang Bedagai,68.77,69.16,69.69,70.21,70.24,70.56,71.21,71.75
Batu Bara,66.69,67.2,67.67,68.35,68.36,68.58,69.51,70.31
Padang Lawas Utara,68.05,68.34,68.77,69.29,69.85,70.11,70.93,71.63
Padang Lawas,66.23,66.82,67.59,68.16,68.25,68.64,69.58,70.34
Labuhan Batu Selatan,70.28,70.48,70.98,71.39,71.4,71.69,72.16,72.82
Labuhan Batu Utara,70.26,70.79,71.08,71.43,71.61,71.87,72.77,73.63
Nias Utara,60.23,60.57,61.08,61.98,62.36,62.82,63.75,64.64
Nias Barat,59.03,59.56,60.42,61.14,61.51,61.99,62.93,63.7
Kota Sibolga,72,72.28,72.65,73.41,73.63,73.94,74.74,75.2
Kota Tanjung Balai,67.09,67.41,68,68.51,68.65,68.94,69.86,70.59
Kota Pematang Siantar,76.9,77.54,77.88,78.57,78.75,79.17,79.7,80.46
Kota Tebing Tinggi,73.58,73.9,74.5,75.08,75.17,75.42,76.17,76.98
Kota Medan,79.34,79.98,80.65,80.97,80.98,81.21,81.76,82.19
Kota Binjai,74.11,74.65,75.21,75.89,75.89,76.01,76.95,77.6
Kota Padangsidimpuan,73.42,73.81,74.38,75.06,75.22,75.48,76.05,76.44
Kota Gunungsitoli,66.85,67.68,68.33,69.3,69.31,69.61,70.23,70.68
SUMATERA BARAT,70.73,71.24,71.73,72.39,72.38,72.65,73.26,73.75
Kepulauan Mentawai,58.27,59.25,60.28,61.26,61.09,61.35,62.19,63.13
Pesisir Selatan,68.39,68.74,69.4,70.08,69.9,70.03,70.84,71.44
Solok,67.67,67.86,68.6,69.08,69.08,69.24,70.02,70.63
Sijunjung,66.01,66.6,66.97,67.66,67.74,67.86,68.69,69.65
Tanah Datar,70.11,70.37,71.25,72.14,72.33,72.46,73.29,73.98
Padang Pariaman,68.44,68.9,69.71,70.59,70.61,70.76,71.63,72.61
Agam,70.36,71.1,71.7,72.37,72.46,72.57,73.29,73.98
Lima Puluh Kota,68.37,68.69,69.17,69.67,69.47,69.68,70.28,70.7
Pasaman,64.57,64.94,65.6,66.46,66.64,66.77,67.41,68.13
Solok Selatan,67.47,67.81,68.45,68.94,69.04,69.23,69.71,70.58
Dharmasraya,70.25,70.4,70.86,71.52,71.51,71.76,72.3,73.04
Pasaman Barat,66.03,66.83,67.43,68.21,68.49,68.76,69.57,70.19
Kota Padang,81.06,81.58,82.25,82.68,82.82,82.9,83.29,83.58
Kota Solok,77.07,77.44,77.89,78.38,78.29,78.41,79.23,79.58
Kota Sawah Lunto,70.67,71.13,71.72,72.39,72.64,72.88,73.73,74.42
Kota Padang Panjang,76.5,77.01,77.3,78,77.93,77.97,78.78,79.26
Kota Bukittinggi,79.11,79.8,80.11,80.71,80.58,80.7,81.42,81.78
Kota Payakumbuh,77.56,77.91,78.23,78.95,78.9,79.08,79.53,79.97
Kota Pariaman,75.44,75.71,76.26,76.7,76.9,77.07,77.65,78.13
RIAU,71.2,71.79,72.44,73,72.71,72.94,73.52,74.04
Kuantan Singingi,68.66,69.53,69.96,70.78,70.31,70.6,71.09,71.67
Indragiri Hulu,68.67,68.97,69.66,70.05,69.83,70.01,70.46,71.04
Indragiri Hilir,65.35,66.17,66.51,66.84,66.54,66.63,67.37,67.98
Pelalawan,70.21,70.59,71.44,71.85,71.56,72.08,72.93,73.59
Siak,72.7,73.18,73.73,74.07,73.68,73.98,74.5,74.98
Kampar,71.39,72.19,72.5,73.15,72.83,73.02,73.84,74.24
Rokan Hulu,67.86,68.67,69.36,69.93,69.38,69.67,70.31,71.02
Bengkalis,71.98,72.27,72.94,73.44,73.46,73.58,74.38,74.97
Rokan Hilir,67.52,67.84,68.73,69.4,69.15,69.34,70.1,70.78
Kepulauan Meranti,63.9,64.7,65.23,65.93,65.5,65.7,66.52,67.28
Kota Pekanbaru,79.69,79.97,80.66,81.35,81.32,81.58,82.06,82.38
Kota Dumai,72.96,73.46,74.06,74.64,74.4,74.75,75.26,75.66
JAMBI,69.62,69.99,70.65,71.26,71.29,71.63,72.14,72.77
Kerinci,69.68,70.03,70.59,70.95,71.21,71.45,71.99,72.54
Merangin,67.86,68.3,68.81,69.07,69.19,69.53,69.98,70.81
Sarolangun,68.73,69.03,69.41,69.72,69.86,70.25,70.89,71.29
Batang Hari,68.7,68.92,69.33,69.67,69.84,70.11,70.51,71.02
Muaro Jambi,67.55,67.86,68.34,69.01,69.18,69.55,70.18,71.04
Tanjung Jabung Timur,61.88,62.61,63.32,63.92,64.43,64.91,65.77,66.65
Tanjung Jabung Barat,65.91,66.15,67.13,67.54,67.54,68.16,68.79,69.35
Tebo,68.05,68.16,68.67,69.02,69.14,69.35,69.78,70.63
Bungo,68.77,69.04,69.42,69.86,69.92,70.15,70.55,71.06
Kota Jambi,76.14,76.74,77.41,78.26,78.37,79.12,79.58,80.15
Kota Sungai Penuh,73.35,73.75,74.67,75.36,75.42,75.7,76.17,76.65
SUMATERA SELATAN,68.24,68.86,69.39,70.02,70.01,70.24,70.9,71.62
Ogan Komering Ulu,67.47,68.28,69.01,69.45,69.32,69.6,70.24,71.01
Ogan Komering Ilir,65.44,66.11,66.57,66.96,66.82,67.17,68.02,68.65
Muara Enim,66.71,67.63,68.28,68.88,68.74,68.86,69.43,70.24
Lahat,65.75,66.38,66.99,67.62,67.44,67.58,68.4,69.1
Musi Rawas,64.75,65.31,66.18,66.92,66.79,67.01,67.78,68.26
Musi Banyuasin,66.45,66.96,67.57,67.83,67.69,68.1,68.6,69.17
Banyu Asin,65.01,65.85,66.4,66.9,66.74,67.13,67.93,68.65
Ogan Komering Ulu Selatan,63.42,63.96,64.84,65.43,65.3,65.34,65.87,66.67
Ogan Komering Ulu Timur,67.38,67.84,68.58,69.34,69.28,69.58,70.23,70.96
Ogan Ilir,65.45,65.63,66.43,67.22,67.06,67.17,67.96,68.76
Empat Lawang,64,64.21,64.81,65.1,65.25,65.39,66,66.68
Penukal Abab Lematang Ilir,61.66,62.58,63.49,64.33,64.7,64.88,65.75,66.64
Musi Rawas Utara,63.05,63.18,63.75,64.32,64.49,64.93,65.74,66.6
Kota Palembang,76.59,77.22,77.89,78.44,78.33,78.72,79.47,80.02
Kota Prabumulih,73.38,73.58,74.04,74.4,74.55,74.67,75.52,76.46
Kota Pagar Alam,65.96,66.81,67.62,68.44,68.31,68.68,69.6,70.45
Kota Lubuklinggau,73.57,73.67,74.09,74.81,74.78,74.89,75.53,76.19
BENGKULU,69.33,69.95,70.64,71.21,71.4,71.64,72.16,72.78
Bengkulu Selatan,68.71,69.04,69.85,70.27,70.63,70.75,71.42,71.91
Rejang Lebong,68.34,68.61,69.4,70.1,70.44,70.77,71.45,72.31
Bengkulu Utara,67.63,67.8,68.36,68.8,68.82,69.28,69.77,70.28
Kaur,64.95,65.28,66.2,66.78,66.99,67.17,67.77,68.38
Seluma,64.04,65,65.99,66.69,66.89,67.03,67.76,68.27
Mukomuko,66.52,67.07,67.47,68.12,68.45,68.64,69.12,69.97
Lebong,65.58,65.87,66.28,66.84,67.01,67.46,68.12,68.71
Kepahiang,66.35,66.6,67.14,67.67,68.17,68.62,69.09,69.6
Bengkulu Tengah,65.44,65.8,66.65,67.3,67.61,67.96,68.47,68.99
Kota Bengkulu,77.94,78.82,79.67,80.35,80.36,80.54,80.99,81.45
LAMPUNG,67.65,68.25,69.02,69.57,69.69,69.9,70.45,71.15
Lampung Barat,65.45,66.06,66.74,67.5,67.8,67.9,68.39,69.11
Tanggamus,64.41,64.94,65.67,66.37,66.42,66.65,67.22,67.86
Lampung Selatan,66.19,66.95,67.68,68.22,68.36,68.49,69,69.63
Lampung Timur,67.88,68.05,69.04,69.34,69.37,69.66,70.58,71.21
Lampung Tengah,68.33,68.95,69.73,70.04,70.16,70.23,70.8,71.6
Lampung Utara,65.95,66.58,67.17,67.63,67.67,67.89,68.33,68.95
Way Kanan,65.74,65.97,66.63,67.19,67.44,67.57,68.04,68.63
Tulangbawang,66.74,67.07,67.7,68.23,68.52,68.73,69.53,70.02
Pesawaran,63.47,64.43,64.97,65.75,65.79,66.14,66.7,67.67
Pringsewu,68.26,68.61,69.42,69.97,70.3,70.45,70.98,71.61
Mesuji,60.72,61.87,62.88,63.52,63.63,64.04,64.94,65.64
Tulang Bawang Barat,63.77,64.58,65.3,65.93,65.97,66.22,67.13,67.81
Pesisir Barat,61.5,62.2,62.96,63.79,63.91,64.3,65.14,66
Kota Bandar Lampung,75.34,75.98,76.63,77.33,77.44,77.58,78.01,78.56
Kota Metro,75.45,75.87,76.22,76.77,77.19,77.49,77.89,78.36
KEP. BANGKA BELITUNG,69.55,69.99,70.67,71.3,71.47,71.69,72.24,72.85
Bangka,70.43,71.09,71.8,72.39,72.4,72.46,72.95,73.66
Belitung,70.81,70.93,71.7,72.46,72.51,72.57,73.38,74.02
Bangka Barat,67.6,67.94,68.68,69.05,69.08,69.6,70.12,70.45
Bangka Tengah,68.76,68.99,69.52,70.33,70.45,70.89,71.4,71.71
Bangka Selatan,64.57,65.02,65.98,66.54,66.9,67.06,67.95,68.51
Belitung Timur,69.3,69.57,70.22,70.84,70.92,71.42,72.29,72.86
Kota Pangkal Pinang,76.73,76.86,77.43,77.97,78.22,78.57,79.24,79.93
KEPULAUAN RIAU,73.99,74.45,74.84,75.48,75.59,75.79,76.46,77.11
Karimun,69.84,70.26,70.56,71.1,71.44,71.7,72.65,73.51
Bintan,72.38,72.91,73.41,73.98,74.13,74.57,74.99,75.7
Natuna,71.23,71.52,72.1,72.63,72.72,73.09,73.47,74.21
Lingga,62.44,63.45,64.06,64.98,65.29,65.83,66.57,67.44
Kepulauan Anambas,66.3,67.06,67.53,68.48,68.8,69.23,69.61,70.26
Kota Batam,79.79,80.26,80.54,81.09,81.11,81.12,81.67,82.11
Kota Tanjung Pinang,77.77,78,78.33,78.73,78.91,78.93,79.64,80.23
DKI JAKARTA,79.6,80.06,80.47,80.76,80.77,81.11,81.65,82.46
Kep. Seribu,69.52,70.11,70.91,71.4,71.63,72.1,72.79,73.39
Kota Jakarta Selatan,83.94,84.13,84.44,84.75,84.72,84.9,85.21,86.07
Kota Jakarta Timur,81.28,81.61,82.06,82.69,82.66,82.97,83.45,84.13
Kota Jakarta Pusat,80.22,80.49,81.01,81.24,81.39,81.56,82.11,82.53
Kota Jakarta Barat,80.34,80.47,80.88,81.21,81.38,81.76,82.51,83.02
Kota Jakarta Utara,78.78,79.47,79.87,80.17,80.29,80.51,80.81,81.11
JAWA BARAT,70.05,70.69,71.3,72.03,72.09,72.45,73.12,73.74
Bogor,68.32,69.13,69.69,70.65,70.4,70.6,71.2,71.78
Sukabumi,65.13,65.49,66.05,66.87,66.88,67.07,67.64,68.49
Cianjur,62.92,63.7,64.62,65.38,65.36,65.56,65.94,66.55
Bandung,70.69,71.02,71.75,72.41,72.39,72.73,73.16,73.74
Garut,63.64,64.52,65.42,66.22,66.12,66.45,67.41,68.11
Tasikmalaya,63.57,64.14,65,65.64,65.67,65.9,66.84,67.76
Ciamis,68.45,68.87,69.63,70.39,70.49,70.93,71.45,72.05
Kuningan,67.51,67.78,68.55,69.12,69.38,69.71,70.16,70.72
Cirebon,66.7,67.39,68.05,68.69,68.75,69.12,70.06,70.95
Majalengka,65.25,65.92,66.72,67.52,67.59,67.81,68.56,69.13
Sumedang,69.45,70.07,70.99,71.46,71.64,71.8,72.69,73.18
Indramayu,64.78,65.58,66.36,66.97,67.29,67.64,68.55,69.25
Subang,67.14,67.73,68.31,68.69,68.95,69.13,69.87,70.7
Purwakarta,68.56,69.28,69.98,70.67,70.82,70.98,71.56,72.09
Karawang,68.19,69.17,69.89,70.86,70.66,70.94,71.74,72.35
Bekasi,71.83,72.63,73.49,73.99,74.07,74.45,75.22,75.76
Bandung Barat,65.81,66.63,67.46,68.27,68.08,68.29,69.04,69.61
Pangandaran,65.79,66.6,67.44,68.21,68.06,68.28,69.03,69.38
Kota Bogor,74.5,75.16,75.66,76.23,76.11,76.59,77.17,77.85
Kota Sukabumi,72.33,73.03,73.55,74.31,74.21,74.6,75.4,76.32
Kota Bandung,80.13,80.31,81.06,81.62,81.51,81.96,82.5,83.04
Kota Cirebon,73.7,74,74.35,74.92,74.89,75.25,75.89,76.46
Kota Bekasi,79.95,80.3,81.04,81.59,81.5,81.95,82.46,83.03
Kota Depok,79.6,79.83,80.29,80.82,80.97,81.37,81.86,82.38
Kota Cimahi,76.69,76.95,77.56,78.11,77.83,78.06,78.77,79.46
Kota Tasikmalaya,70.58,71.51,72.03,72.84,73.04,73.31,73.83,74.47
Kota Banjar,70.09,70.79,71.25,71.75,71.7,71.92,72.55,73.08
JAWA TENGAH,69.98,70.52,71.12,71.73,71.87,72.16,72.79,73.39
Cilacap,68.6,68.9,69.56,69.98,69.95,70.42,70.99,71.83
Banyumas,70.49,70.75,71.3,71.96,71.98,72.44,73.17,73.86
Purbalingga,67.48,67.72,68.41,68.99,68.97,69.15,69.54,70.24
Banjarnegara,65.52,65.86,66.54,67.34,67.45,67.86,68.61,69.14
Kebumen,67.41,68.29,68.8,69.6,69.81,70.05,70.79,71.37
Purworejo,70.66,71.31,71.87,72.5,72.68,72.98,73.6,74.28
Wonosobo,66.19,66.89,67.81,68.27,68.22,68.43,68.89,69.37
Magelang,67.85,68.39,69.11,69.87,69.87,70.12,70.85,71.45
Boyolali,72.18,72.64,73.22,73.8,74.25,74.4,74.97,75.41
Klaten,73.97,74.25,74.79,75.29,75.56,76.12,76.95,77.59
Sukoharjo,75.06,75.56,76.07,76.84,76.98,77.13,77.94,78.65
Wonogiri,68.23,68.66,69.37,69.98,70.25,70.49,71.04,71.97
Karanganyar,74.9,75.22,75.54,75.89,75.86,75.99,76.58,77.31
Sragen,71.43,72.4,72.96,73.43,73.95,74.08,74.65,75.1
Grobogan,68.52,68.87,69.32,69.86,69.87,70.41,70.97,71.49
Blora,66.61,67.52,67.95,68.65,68.84,69.37,69.95,70.63
Rembang,68.6,68.95,69.46,70.15,70.02,70.43,71,71.89
Pati,69.03,70.12,70.71,71.35,71.77,72.28,73.14,73.59
Kudus,72.94,73.84,74.58,74.94,75,75.16,75.89,76.71
Jepara,70.25,70.79,71.38,71.88,71.99,72.36,73.15,73.85
Demak,70.1,70.41,71.26,71.87,72.22,72.57,73.36,74.07
Semarang,72.4,73.2,73.61,74.14,74.1,74.24,74.67,75.13
Temanggung,67.6,68.34,68.83,69.56,69.57,69.88,70.77,71.33
Kendal,70.11,70.62,71.28,71.97,72.29,72.5,73.19,73.86
Batang,66.38,67.35,67.86,68.42,68.65,68.92,69.45,70.2
Pekalongan,67.71,68.4,68.97,69.71,69.63,70.11,70.81,71.4
Pemalang,64.17,65.04,65.67,66.32,66.32,66.56,67.19,68.03
Tegal,65.84,66.44,67.33,68.24,68.39,68.79,69.53,70.23
Brebes,63.98,64.86,65.68,66.12,66.11,66.32,67.03,67.95
Kota Magelang,77.16,77.84,78.31,78.8,78.99,79.43,80.39,81.17
Kota Surakarta,80.76,80.85,81.46,81.86,82.21,82.62,83.08,83.54
Kota Salatiga,81.14,81.68,82.41,83.12,83.14,83.6,84.35,84.99
Kota Semarang,81.19,82.01,82.72,83.19,83.05,83.55,84.08,84.43
Kota Pekalongan,73.32,73.77,74.24,74.77,74.98,75.4,75.9,76.71
Kota Tegal,73.55,73.95,74.44,74.93,75.07,75.52,76.15,77.02
D I YOGYAKARTA,78.38,78.89,79.53,79.99,79.97,80.22,80.64,81.07
Kulon Progo,72.38,73.23,73.76,74.44,74.46,74.71,75.46,75.79
Bantul,78.42,78.67,79.45,80.01,80.01,80.28,80.69,81.39
Gunung Kidul,67.82,68.73,69.24,69.96,69.98,70.16,70.96,71.24
Sleman,82.15,82.85,83.42,83.85,83.84,84,84.31,84.77
Kota Yogyakarta,85.32,85.49,86.11,86.65,86.61,87.18,87.69,88.28
JAWA TIMUR,69.74,70.27,70.77,71.5,71.71,72.14,72.75,73.38
Pacitan,65.74,66.51,67.33,68.16,68.39,68.57,69.37,70.19
Ponorogo,68.93,69.26,69.91,70.56,70.81,71.06,71.87,72.5
Trenggalek,67.78,68.1,68.71,69.46,69.74,70.06,71,71.73
Tulungagung,70.82,71.24,71.99,72.62,73,73.15,74.06,74.61
Blitar,68.88,69.33,69.93,70.57,70.58,71.05,71.86,72.49
Kediri,69.87,70.47,71.07,71.85,72.05,72.56,73.46,73.96
Malang,67.51,68.47,69.4,70.35,70.36,70.6,71.38,72.16
Lumajang,63.74,64.23,64.83,65.33,65.46,66.07,66.95,67.87
Jember,64.01,64.96,65.96,66.69,67.11,67.32,67.97,68.64
Banyuwangi,69,69.64,70.06,70.6,70.62,71.38,71.94,72.61
Bondowoso,64.52,64.75,65.27,66.09,66.43,66.59,67.31,67.99
Situbondo,65.08,65.68,66.42,67.09,67.38,67.78,68.25,69.16
Probolinggo,64.12,64.28,64.85,65.6,66.07,66.26,66.96,67.79
Pasuruan,65.71,66.69,67.41,68.29,68.6,68.93,69.68,70.29
Sidoarjo,78.17,78.7,79.5,80.05,80.29,80.65,81.02,81.55
Mojokerto,71.38,72.36,72.64,73.53,73.83,74.15,74.89,75.53
Jombang,70.03,70.88,71.86,72.85,72.97,73.45,74.05,74.6
Nganjuk,70.5,70.69,71.23,71.71,71.72,71.97,72.93,73.71
Madiun,69.67,70.27,71.01,71.69,71.73,71.88,72.39,72.97
Magetan,71.94,72.6,72.91,73.49,73.92,74.15,74.85,75.41
Ngawi,68.96,69.27,69.91,70.41,70.54,71.04,71.75,72.47
Bojonegoro,66.73,67.28,67.85,68.75,69.04,69.59,70.12,70.85
Tuban,66.19,66.77,67.43,68.37,68.4,68.91,69.67,70.34
Lamongan,70.34,71.11,71.97,72.57,72.58,73.12,74.02,74.53
Gresik,74.46,74.84,75.28,76.1,76.11,76.5,77.16,77.98
Bangkalan,62.06,62.3,62.87,63.79,64.11,64.36,65.05,65.75
Sampang,59.09,59.9,61,61.94,62.7,62.8,63.39,64.13
Pamekasan,63.98,64.93,65.41,65.94,66.26,66.4,66.99,67.96
Sumenep,63.42,64.28,65.25,66.22,66.43,67.04,67.87,68.61
Kota Kediri,76.33,77.13,77.58,78.08,78.23,78.6,79.59,80.44
Kota Blitar,76.71,77.1,77.58,78.56,78.57,78.98,79.93,80.63
Kota Malang,80.46,80.65,80.89,81.32,81.45,82.04,82.71,83.39
Kota Probolinggo,71.5,72.09,72.53,73.27,73.27,73.66,74.56,75.43
Kota Pasuruan,74.11,74.39,74.78,75.25,75.26,75.62,76.54,77.17
Kota Mojokerto,76.38,76.77,77.14,77.96,78.04,78.43,79.32,80.07
Kota Madiun,80.01,80.13,80.33,80.88,80.91,81.25,82.01,82.71
Kota Surabaya,80.38,81.07,81.74,82.22,82.23,82.31,82.74,83.45
Kota Batu,73.57,74.26,75.04,75.88,75.9,76.28,77.22,78.18
BANTEN,70.96,71.42,71.95,72.44,72.45,72.72,73.32,73.87
Pandeglang,63.4,63.82,64.34,64.91,65,65.17,65.84,66.42
Lebak,62.78,62.95,63.37,63.88,63.91,64.03,64.71,65.21
Tangerang,70.44,70.97,71.59,71.93,71.92,72.29,72.97,73.43
Serang,65.12,65.6,65.93,66.38,66.7,66.82,67.75,68.39
Kota Tangerang,76.81,77.01,77.92,78.43,78.25,78.5,78.9,79.46
Kota Cilegon,72.04,72.29,72.65,73.01,73.05,73.35,73.95,74.54
Kota Serang,71.09,71.31,71.68,72.1,72.16,72.44,72.98,73.48
Kota Tangerang Selatan,80.11,80.84,81.17,81.48,81.36,81.6,81.95,82.28
BALI,73.65,74.3,74.77,75.38,75.5,75.69,76.44,77.1
Jembrana,70.38,70.72,71.65,72.35,72.36,72.75,73.58,74.04
Tabanan,74.19,74.86,75.45,76.16,76.17,76.45,76.75,77.43
Badung,79.8,80.54,80.87,81.59,81.6,81.83,82.13,83.08
Gianyar,75.7,76.09,76.71,77.14,77.36,77.7,78.39,79.24
Klungkung,69.31,70.13,70.9,71.71,71.73,71.75,72.55,73.11
Bangli,67.03,68.24,68.96,69.35,69.36,69.37,70.26,70.79
Karangasem,65.23,65.57,66.49,67.34,67.35,67.36,68.28,68.91
Buleleng,70.65,71.11,71.7,72.3,72.55,72.56,73.45,73.97
Kota Denpasar,82.58,83.01,83.3,83.68,83.93,84.03,84.37,84.73
NUSA TENGGARA BARAT,65.81,66.58,67.3,68.14,68.25,68.65,69.46,70.2
Lombok Barat,65.55,66.37,67.18,68.03,68.2,68.61,69.41,70.15
Lombok Tengah,63.22,64.36,65.36,66.36,66.43,66.72,67.57,68.4
Lombok Timur,63.7,64.37,65.35,66.23,66.3,66.66,67.59,68.41
Sumbawa,64.89,65.84,66.77,67.6,67.61,68.01,68.89,69.87
Dompu,65.48,66.33,66.97,67.83,67.84,68.45,69.15,69.98
Bima,64.15,65.01,65.62,66.37,66.3,66.66,67.57,68.28
Sumbawa Barat,69.26,70.08,70.71,71.52,71.63,71.85,72.65,73.17
Lombok Utara,62.24,63.04,63.83,64.49,64.42,64.77,65.7,66.62
Kota Mataram,77.2,77.84,78.43,79.1,78.91,79.14,79.59,80.09
Kota Bima,73.67,74.36,75.04,75.8,75.81,76.11,76.84,77.36
NUSA TENGGARA TIMUR,63.13,63.73,64.39,65.23,65.19,65.28,65.9,66.68
Sumba Barat,61.85,62.3,62.91,63.56,63.53,63.83,64.43,65.22
Sumba Timur,63.22,64.19,64.65,65.34,65.52,65.74,66.17,67.05
Kupang,62.39,62.79,63.55,64.43,64.32,64.41,65.04,65.82
Timor Tengah Selatan,60.37,61.08,61.58,62.23,62.15,62.16,62.73,63.58
Timor Tengah Utara,61.54,62.03,62.65,63.34,63.53,63.69,64.26,65.16
Belu,61.04,61.44,61.86,62.54,62.68,62.77,63.22,63.83
Alor,58.99,59.61,60.14,61.03,61.33,61.37,62.26,62.99
Lembata,62.81,63.09,63.96,64.91,64.74,64.75,65.47,66.12
Flores Timur,61.9,62.89,63.55,64.34,64.22,64.22,64.93,65.79
Sikka,62.42,63.08,63.89,64.75,65.11,65.41,66.06,66.89
Ende,65.74,66.11,66.62,67.2,67.04,67.3,67.97,68.63
Ngada,65.61,66.47,67.1,67.76,67.88,67.88,68.26,69.14
Manggarai,61.67,62.24,63.32,64.15,64.54,65.01,65.83,66.42
Rote Ndao,59.28,60.51,61.51,62.22,62.39,62.6,63.21,64
Manggarai Barat,60.63,61.65,62.58,63.5,63.89,64.17,64.92,65.81
Sumba Tengah,58.52,59.39,60.07,61.01,61.53,61.8,62.71,63.48
Sumba Barat Daya,61.31,61.46,61.89,62.6,62.28,62.29,63.15,63.74
Nagekeo,63.93,64.74,65.35,65.88,65.81,65.82,66.22,67.07
Manggarai Timur,57.5,58.51,59.49,60.47,60.85,61.37,62.3,63.24
Sabu Raijua,54.16,55.22,55.79,56.66,57.02,57.03,57.9,58.89
Malaka,58.29,58.9,59.66,60.34,60.21,60.42,61.34,62.06
Kota Kupang,78.14,78.25,78.84,79.55,79.71,79.74,80.2,80.62
KALIMANTAN BARAT,65.88,66.26,66.98,67.65,67.66,67.9,68.63,69.41
Sambas,64.94,65.92,66.61,67.02,67.03,67.1,67.95,68.69
Bengkayang,65.45,65.99,66.85,67.57,67.87,68.04,68.74,69.53
Landak,64.58,64.93,65.45,65.96,65.98,66.21,67.17,68.14
Mempawah,63.84,64,64.9,65.5,65.74,66.03,66.94,67.92
Sanggau,63.9,64.61,65.15,65.67,65.77,66.2,66.91,67.77
Ketapang,64.74,65.71,66.41,67.16,67.17,67.43,67.92,68.68
Sintang,64.78,65.16,66.07,66.7,66.88,66.93,67.86,68.67
Kapuas Hulu,63.83,64.18,65.03,65.65,65.69,65.75,66.7,67.67
Sekadau,62.52,63.04,63.69,64.34,64.76,64.93,65.58,66.33
Melawi,64.25,64.43,65.05,65.54,65.55,65.87,66.81,67.76
Kayong Utara,60.87,61.52,61.82,62.66,62.68,62.9,63.81,64.79
Kubu Raya,65.54,66.31,67.23,67.76,67.95,68.16,68.91,69.6
Kota Pontianak,77.63,77.93,78.56,79.35,79.44,79.93,80.48,81.03
Kota Singkawang,70.1,70.25,71.08,71.72,71.94,72.11,72.89,73.39
KALIMANTAN TENGAH,69.13,69.79,70.42,70.91,71.05,71.25,71.63,72.2
Kotawaringin Barat,71.13,72.11,72.46,72.85,72.87,73.07,73.41,74.04
Kotawaringin Timur,69.42,70.17,70.56,71.16,71.31,71.38,71.67,72.21
Kapuas,66.98,68.04,68.68,69.38,69.48,69.63,70.01,70.75
Barito Selatan,69,69.25,69.73,70.1,70.22,70.54,71.01,71.65
Barito Utara,68.28,69.07,69.72,70.52,70.59,70.79,71.21,71.84
Sukamara,66.4,66.98,67.52,67.95,68.03,68.27,68.94,69.44
Lamandau,68.54,69.17,69.7,70.51,70.51,70.58,71.11,71.81
Seruyan,65.4,66.14,67.04,67.57,67.58,67.67,68.24,68.68
Katingan,67.41,67.56,67.91,68.55,68.68,68.89,69.74,70.28
Pulang Pisau,66.49,67,67.54,68.34,68.45,68.53,69.01,69.6
Gunung Mas,69.73,69.95,70.23,70.65,70.81,71.03,71.4,72.09
Barito Timur,70.33,70.57,70.82,71.34,71.39,71.47,72.07,72.7
Murung Raya,66.96,67.16,67.56,67.89,67.98,68.12,68.63,69.42
Kota Palangka Raya,79.21,79.69,80.34,80.77,80.77,80.82,81.16,81.68
KALIMANTAN SELATAN,69.05,69.65,70.17,70.72,70.91,71.28,71.84,72.5
Tanah Laut,67.44,68,68.49,69.04,69.38,69.87,70.35,70.98
Kotabaru,67.1,67.79,68.32,68.95,68.86,69.13,69.74,70.18
Banjar,66.87,67.77,68.32,68.94,69.18,69.89,70.72,71.46
Barito Kuala,64.33,64.93,65.91,66.24,66.22,66.64,67.37,68.11
Tapin,68.05,68.7,69.53,70.13,70.11,70.31,71.02,72
Hulu Sungai Selatan,67.52,67.8,68.41,68.8,68.85,69.21,69.76,70.5
Hulu Sungai Tengah,67.07,67.78,68.32,68.8,68.84,69.05,69.7,70.13
Hulu Sungai Utara,63.38,64.21,65.06,65.49,65.59,66.12,66.84,67.66
Tabalong,70.07,70.76,71.14,71.78,72.19,72.6,73.13,73.85
Tanah Bumbu,68.28,69.12,70.05,70.5,70.71,71,71.79,72.31
Balangan,66.25,67.25,67.88,68.39,68.82,69.11,69.73,70.49
Kota Banjarmasin,75.94,76.46,76.83,77.16,77.1,77.57,77.97,78.5
Kota Banjar Baru,77.96,78.32,78.83,79.22,79.1,79.26,79.68,80.11
KALIMANTAN TIMUR,74.59,75.12,75.83,76.61,76.24,76.88,77.44,78.2
Paser,71,71.16,71.61,72.29,72.04,72.93,73.44,74.14
Kutai Barat,69.99,70.18,70.69,71.63,71.19,72.07,72.92,73.72
Kutai Kartanegara,72.19,72.75,73.15,73.78,73.59,74.06,74.67,75.3
Kutai Timur,71.1,71.91,72.56,73.49,73,73.81,74.35,74.98
Berau,73.05,73.56,74.01,74.88,74.71,75.2,75.74,76.21
Penajam Paser Utara,69.96,70.59,71.13,71.64,71.41,72.01,72.55,73.3
Mahakam Ulu,65.51,66.09,66.67,67.58,67.09,67.95,68.75,69.59
Kota Balikpapan,78.57,79.01,79.81,80.11,80.01,80.71,81.13,81.66
Kota Samarinda,78.91,79.46,79.93,80.2,80.11,80.76,81.43,82.32
Kota Bontang,78.92,79.47,79.86,80.09,80.02,80.59,80.94,81.56
KALIMANTAN UTARA,69.2,69.84,70.56,71.15,70.63,71.19,71.83,72.49
Malinau,70.71,71.23,71.74,72.06,71.94,72.32,72.75,73.19
Bulungan,69.88,70.74,71.23,71.66,71.1,71.8,72.08,72.72
Tana Tidung,65.64,66.26,67.05,67.79,66.97,67.76,68.6,69.2
Nunukan,64.35,65.1,65.67,66.32,65.79,66.46,67.16,67.7
Kota Tarakan,74.88,75.27,75.69,76.09,75.83,76.23,76.68,77.53
SULAWESI UTARA,71.05,71.66,72.2,72.99,72.93,73.3,73.81,74.36
Bolaang Mongondow,65.73,66.08,66.91,67.82,67.89,68.16,68.95,69.62
Minahasa,74.37,74.59,74.97,75.47,75.29,75.73,76.18,76.96
Kepulauan Sangihe,68.52,69.14,69.67,70.53,70.73,71.07,71.63,72.22
Kepulauan Talaud,67.58,67.74,68.32,68.97,69.4,69.83,70.43,71.14
Minahasa Selatan,69.97,70.05,70.86,71.68,72.11,72.32,72.89,73.66
Minahasa Utara,71.49,72.2,73.05,73.95,73.9,74.11,74.69,75.31
Bolaang Mongondow Utara,65.16,65.6,66.32,66.91,66.99,67.39,68.06,68.64
Siau Tagulandang Biaro,65.66,66.03,66.75,67.48,67.64,68.05,68.94,69.57
Minahasa Tenggara,68.42,68.91,69.66,70.47,70.51,71.06,71.48,71.93
Bolaang Mongondow Selatan,63.92,64.05,64.49,65.28,65,65.42,65.9,66.4
Bolaang Mongondow Timur,64.44,64.73,65.21,66.08,65.99,66.55,67.21,67.95
Kota Manado,77.59,78.05,78.41,79.12,78.93,79.2,79.66,80.14
Kota Bitung,72.43,72.94,73.27,74.2,74.1,74.2,74.7,75.11
Kota Tomohon,74.91,75.34,75.78,76.67,76.69,76.86,77.44,78.1
Kota Kotamobagu,71.68,72,72.55,73.22,72.97,73.47,73.96,74.43
SULAWESI TENGAH,67.47,68.11,68.88,69.5,69.55,69.79,70.28,70.95
Banggai Kepulauan,63.45,64.07,64.68,65.13,65.42,65.61,66.08,66.82
Banggai,68.17,69,69.85,70.36,70.52,70.6,71.08,71.7
Morowali,69.69,70.41,71.14,72.02,72.21,72.29,72.55,73.02
Poso,68.83,69.78,70.68,71.4,71.28,71.45,71.93,72.48
Donggala,64.42,64.66,65.14,65.49,65.56,65.72,66.25,66.95
Toli-Toli,63.27,64.05,64.6,65.42,65.69,66.3,66.76,67.66
Buol,66.37,66.69,67.3,67.69,67.82,68.25,68.72,69.57
Parigi Moutong,63.6,64.09,64.85,65.47,65.44,65.82,66.26,67.11
Tojo Una-Una,62.27,62.61,63.38,64.52,64.59,64.74,65.54,66.39
Sigi,65.95,66.72,67.66,68.16,68.12,68.49,69.05,69.93
Banggai Laut,63.49,64.08,64.8,65.27,65.43,65.65,66.22,66.93
Morowali Utara,66.57,67.35,67.95,68.45,68.36,68.48,68.97,69.73
Kota Palu,79.73,80.24,80.91,81.5,81.47,81.7,82.02,82.52
SULAWESI SELATAN,69.76,70.34,70.9,71.66,71.93,72.24,72.82,73.46
Kepulauan Selayar,64.95,65.39,66.04,66.91,67.38,67.76,68.35,69.2
Bulukumba,66.46,67.08,67.7,68.28,68.99,69.62,70.34,71.21
Bantaeng,66.59,67.27,67.76,68.3,68.73,68.99,69.69,70.57
Jeneponto,61.81,62.67,63.33,64,64.26,64.56,65.13,65.9
Takalar,64.96,65.48,66.07,66.94,67.31,67.72,68.31,68.9
Gowa,67.7,68.33,68.87,69.66,70.14,70.29,70.99,71.57
Sinjai,65.36,65.8,66.24,67.05,67.6,67.75,68.33,68.92
Maros,67.76,68.42,68.94,69.5,69.86,70.41,71,71.63
Pangkajene dan Kepulauan,66.86,67.25,67.71,68.29,68.72,69.21,69.79,70.59
Barru,69.07,69.56,70.05,70.6,71,71.13,71.53,72.36
Bone,63.86,64.16,65.04,65.67,66.06,66.4,67.01,67.81
Soppeng,65.95,66.67,67.6,68.26,68.67,68.99,69.7,70.58
Wajo,67.52,68.18,68.57,69.05,69.15,69.62,70.26,71.1
Sidenreng Rappang,69.39,69.84,70.6,71.05,71.21,71.54,72.06,72.71
Pinrang,69.42,69.9,70.62,71.12,71.26,71.45,71.97,72.84
Enrekang,70.79,71.44,72.15,72.66,72.76,72.91,73.39,73.89
Luwu,68.71,69.02,69.6,70.39,70.51,70.85,71.36,72.16
Tana Toraja,66.25,66.82,67.66,68.25,68.75,69.49,69.88,70.73
Luwu Utara,67.81,68.35,68.79,69.46,69.57,70.02,70.51,71.34
Luwu Timur,70.95,71.46,72.16,72.8,73.22,73.34,73.92,74.35
Toraja Utara,67.49,67.9,68.49,69.23,69.33,69.75,70.36,71.23
Kota Makasar,80.53,81.13,81.73,82.25,82.25,82.66,83.12,83.52
Kota Parepare,76.48,76.68,77.19,77.62,77.86,78.21,78.54,79.03
Kota Palopo,76.45,76.71,77.3,77.98,78.06,78.38,78.91,79.45
SULAWESI TENGGARA,69.31,69.86,70.61,71.2,71.45,71.66,72.23,72.79
Buton,63.69,64.47,65.08,65.67,65.98,66.32,67.23,68.12
Muna,66.96,67.61,68.47,68.97,69.02,69.17,69.61,70.16
Konawe,69.84,70.24,70.72,71.29,71.35,71.48,72.04,72.77
Kolaka,71.12,71.46,72.07,73.01,73.45,73.56,73.98,74.72
Konawe Selatan,66.97,67.23,67.51,67.88,68.2,68.58,69.36,70.32
Bombana,64.02,64.49,65.04,65.65,66.05,66.25,66.81,67.43
Wakatobi,67.5,67.99,68.52,68.99,69.48,69.87,70.85,71.43
Kolaka Utara,67.6,67.77,68.44,68.91,69.31,69.5,70.39,71.04
Buton Utara,65.95,66.4,67.13,67.68,67.87,68.08,69,69.7
Konawe Utara,67.2,67.71,68.5,69.22,69.86,70.23,71.1,71.71
Kolaka Timur,63.6,64.55,65.53,66.49,67.02,67.76,68.73,69.57
Konawe Kepulauan,62.56,63.44,64.36,65.05,65.41,65.73,66.69,67.32
Muna Barat,62.57,63.43,64.11,64.45,65.08,65.48,66.21,67.13
Buton Tengah,62.56,62.82,63.46,64.06,64.37,64.55,65.29,65.83
Buton Selatan,62.55,63.2,63.47,64.37,64.93,64.99,65.44,66.15
Kota Kendari,81.66,81.83,82.22,82.86,83.53,84.15,84.51,84.85
Kota Baubau,73.99,74.14,74.67,75.21,75.9,76.26,76.67,77.52
GORONTALO,66.29,67.01,67.71,68.49,68.68,69,69.81,70.45
Boalemo,63.42,64.22,64.99,65.53,65.91,66.42,67.27,68.18
Kab Gorontalo,64.22,64.95,65.78,66.69,66.92,67.34,68.28,69.09
Pohuwato,63.17,63.88,64.44,65.27,65.37,65.8,66.53,67.15
Bone Bolango,67.48,68.11,69.06,69.63,69.98,70.25,70.9,71.51
Gorontalo Utara,63.02,63.52,64.06,64.52,64.86,65.21,66.01,66.61
Kota Gorontalo,75.75,76.09,76.53,77.08,77.13,77.41,78.22,78.64
SULAWESI BARAT,63.6,64.3,65.1,65.73,66.11,66.36,66.92,67.55
Majene,64.8,65.4,66.01,66.59,66.91,67.29,67.84,68.62
Polewali Mandar,61.51,62.35,63.14,63.74,63.84,64.23,64.79,65.59
Mamasa,63.51,63.92,64.66,65.32,66.02,66.63,67.21,67.83
Mamuju,65.65,66.32,67.11,67.72,68.15,68.32,68.88,69.61
Mamuju Utara / Pasangkayu,65.17,65.67,66.6,67.27,67.79,68.03,68.61,69.11
Mamuju Tengah,62.89,63.64,64.43,65.1,65.71,66.18,66.89,67.45
MALUKU,67.6,68.19,68.87,69.45,69.49,69.71,70.22,70.94
Maluku Tenggara Barat / Kepulauan Tanimbar,61.12,61.64,62.39,62.86,62.86,62.97,63.45,64.16
Maluku Tenggara,64.2,64.94,65.53,65.85,66.2,66.33,66.88,67.57
Maluku Tengah,69.54,70.09,70.6,71.25,71.25,71.32,71.81,72.45
Buru,66.63,67.61,68.25,68.91,68.95,69.33,69.94,70.56
Kepulauan Aru,61.32,62.13,63.12,63.64,63.71,63.83,64.21,65.01
Seram Bagian Barat,63.76,64.34,65.14,65.49,65.62,65.83,66.67,67.56
Seram Bagian Timur,61.15,62.06,62.98,63.74,64.12,64.3,65.05,65.82
Maluku Barat Daya,59.43,60.16,60.64,61.55,61.9,62.37,63.07,63.93
Buru Selatan,62.19,62.75,63.62,64.42,64.69,64.8,65.37,66.23
Kota Ambon,79.55,79.82,80.24,80.81,80.84,81.23,81.63,82.06
Kota Tual,65.64,66.25,67.21,67.74,67.96,68.16,68.6,69.43
MALUKU UTARA,66.63,67.2,67.76,68.7,68.49,68.76,69.47,70.21
Halmahera Barat,63.83,64.19,64.54,65.34,65.31,65.56,66.2,66.91
Halmahera Tengah,63.05,63.89,64.66,65.55,65.42,65.82,66.49,67.48
Kepulauan Sula,61.25,62.04,62.96,63.64,63.53,63.8,64.7,65.29
Halmahera Selatan,62.17,62.64,63.39,64.11,63.84,64.19,65.06,65.83
Halmahera Utara,66.02,66.52,67.3,67.75,67.5,67.82,68.38,69.05
Halmahera Timur,64.92,65.77,66.2,66.74,66.75,67,67.93,68.82
Pulau Morotai,59.87,60.71,61.39,62.38,62.5,62.9,63.8,64.73
Pulau Taliabu,58.66,59.03,59.67,60.62,60.48,60.73,61.64,62.31
Kota Ternate,77.8,78.48,79.13,80.03,79.82,80.14,80.81,81.35
Kota Tidore Kepulauan,68.37,69.25,69.89,70.83,70.53,70.99,71.55,72.4
PAPUA BARAT,62.21,62.99,63.74,64.7,65.09,65.26,65.89,66.66
Fakfak,65.55,66.09,66.99,67.87,68.36,68.52,69.12,69.72
Kaimana,62.15,62.74,63.67,64.59,65,65.31,66.11,66.72
Teluk Wondama,57.16,58.1,58.86,59.82,60.21,60.33,60.87,61.67
Teluk Bintuni,61.81,62.39,63.13,64,64.55,64.65,65.27,66
Manokwari,70.34,70.67,71.17,71.67,72.01,72.02,72.6,73.21
Sorong Selatan,59.2,60.19,61.01,61.93,62.42,62.46,63.08,63.94
Sorong,62.42,63.42,64.32,65.29,65.74,65.77,66.69,67.49
Raja Ampat,61.95,62.35,62.84,63.66,63.89,63.92,64.65,65.26
Tambrauw,50.35,51.01,51.95,52.9,53.45,53.71,54.63,55.55
Maybrat,56.35,57.23,58.16,59.15,59.52,59.7,60.49,61.29
Manokwari Selatan,57.12,58.08,58.84,59.72,59.84,59.85,60.68,61.55
Pegunungan Arfak,53.89,54.39,55.31,56.15,56.33,56.13,57.01,57.82
Kota Sorong,76.33,76.73,77.35,77.98,78.45,78.49,78.98,79.65
PAPUA,58.05,59.09,60.06,60.84,60.44,60.62,61.39,62.25
Merauke,68.09,68.64,69.38,69.98,70.09,70.49,71.24,72.19
Jayawijaya,54.96,55.99,56.82,57.79,58.03,58.67,59.6,60.5
Jayapura,70.5,70.97,71.25,71.84,71.69,72.03,72.67,73.5
Nabire,66.64,67.11,67.7,68.53,68.83,69.15,69.91,70.84
Kepulauan Yapen,65.55,66.07,67,67.76,67.66,67.72,68.41,69.11
Biak Numfor,71.13,71.56,71.96,72.57,72.19,72.33,72.85,73.46
Paniai,54.34,54.91,55.83,56.58,56.31,56.7,57.14,57.91
Puncak Jaya,45.49,46.57,47.39,48.33,48.37,48.99,49.84,50.81
Mimika,71.64,72.42,73.15,74.13,74.19,74.48,75.08,75.91
Boven Digoel,59.35,60.14,60.83,61.51,61.53,61.62,62.52,63.46
Mappi,56.54,57.1,57.72,58.3,58.15,58.7,59.61,60.57
Asmat,47.31,48.49,49.37,50.37,50.55,51.29,52.22,53.19
Yahukimo,47.13,47.95,48.51,49.25,49.37,49.48,50.25,51.19
Pegunungan Bintang,41.9,43.24,44.22,45.21,45.44,46.28,47.21,48.18
Tolikara,47.11,47.89,48.85,49.68,49.5,49.6,50.51,51.48
Sarmi,61.27,62.31,63,63.45,63.63,63.94,64.86,65.8
Keerom,64.1,64.99,65.75,66.59,66.4,66.49,67.24,68.08
Waropen,63.1,64.08,64.8,65.34,64.94,65.1,65.67,66.46
Supiori,60.59,61.23,61.84,62.3,62.3,62.72,63.65,64.61
Mamberamo Raya,49,50.25,51.24,52.2,51.78,52.18,53.1,54.08
Nduga,26.56,27.87,29.42,30.75,31.55,32.84,34.1,35.19
Lanny Jaya,45.16,46.49,47.34,48,47.86,48.68,49.62,50.56
Mamberamo Tengah,44.15,45.5,46.41,47.23,47.57,48.32,49.25,50.22
Yalimo,44.95,46.19,47.13,48.08,48.34,49.01,49.9,50.87
Puncak,39.96,41.06,41.81,42.7,43.04,43.17,43.87,44.59
Dogiyai,53.32,54.04,54.44,55.41,54.84,55,55.72,56.7
Intan Jaya,44.82,45.68,46.55,47.51,47.79,48.34,49.25,50.19
Deiyai,48.5,49.07,49.55,50.11,49.46,49.96,50.42,51.18
Kota Jayapura,78.56,79.23,79.58,80.16,79.94,80.11,80.61,81.14
INDONESIA,70.18,70.81,71.39,71.92,71.94,72.29,72.91,73.55