Province/Regency/City,,,,,,,,,,,,,,
,2017,2018,2019,2020,2021,2022,,,,,,,,
ACEH,5189466,5281314,5371532,5274871,5333733,5407855,,,,,,,,
SIMEULUE,91372,92393,93228,92865,93762,94876,,,,,,,,
ACEH SINGKIL,11949,121681,124101,126514,128384,130787,,,,,,,,
ACEH SELATAN,231893,235115,238081,232414,23463,237376,,,,,,,,
ACEH TENGGARA,208481,212417,216495,22086,224119,228308,,,,,,,,
ACEH TIMUR,419594,427567,436081,422401,427032,432849,,,,,,,,
ACEH TENGAH,204273,208505,212494,215576,218684,222673,,,,,,,,
ACEH BARAT,201682,205971,210113,198736,200579,202858,,,,,,,,
ACEH BESAR,409109,417302,425216,405535,409527,41449,,,,,,,,
PIDIE,432599,439131,444976,435275,439398,444505,,,,,,,,
BIREUEN,453224,461726,471635,436418,439788,443874,,,,,,,,
ACEH UTARA,602554,611435,619407,602793,608106,61464,,,,,,,,
ACEH BARAT DAYA,145726,148111,150393,150775,152657,155046,,,,,,,,
GAYO LUES,91024,92602,94100,99532,101102,103131,,,,,,,,
ACEH TAMIANG,287007,291112,295011,294356,297522,301492,,,,,,,,
NAGAN RAYA,161329,164483,167294,168392,170591,173393,,,,,,,,
ACEH JAYA,89618,91087,92892,93159,94418,96028,,,,,,,,
BENER MERIAH,142526,145086,148175,161342,164522,16869,,,,,,,,
PIDIE JAYA,154795,158091,161215,158397,160327,162771,,,,,,,,
BANDA ACEH,259913,265111,270321,252899,255029,257635,,,,,,,,
SABANG,33978,34571,34874,41197,42066,43208,,,,,,,,
LANGSA,171574,174318,176811,185971,188878,19263,,,,,,,,
LHOKSEUMAWE,19898,203284,207202,188713,189941,191396,,,,,,,,
SUBULUSSALAM,78725,80215,81417,90751,92671,95199,,,,,,,,
SUMATERA UTARA,14262147,14415391,14562549,14703532,14936148,15115206,,,,,,,,
Nias,14211,14284,143319,143983,147794,149249,,,,,,,,
Mandailing Natal,439505,44349,447287,451028,478062,484874,,,,,,,,
Tapanuli Selatan,278587,280283,281931,283389,303685,307312,,,,,,,,
Tapanuli Tengah,363705,370171,376667,382917,369300,374734,,,,,,,,
Tapanuli Utara,297806,299881,301789,303688,315222,318424,,,,,,,,
Toba Samosir / Toba,181790,182673,183712,184493,208754,212133,,,,,,,,
Labuhan Batu,478593,48648,494178,501596,499982,508024,,,,,,,,
Asahan,718718,724379,729795,735026,777626,787681,,,,,,,,
Simalungun,859228,863693,867922,871678,1003727,1021615,,,,,,,,
Dairi,281876,283203,284304,285481,311665,31546,,,,,,,,
Karo,403207,409675,415878,421997,409077,414429,,,,,,,,
Deli Serdang,2114627,2155625,2195709,2234320,1941374,1953986,,,,,,,,
Langkat,1028309,1035411,1041775,1048100,1034519,1039926,,,,,,,,
Nias Selatan,314395,317207,319902,32252,366163,373674,,,,,,,,
Humbang Hasundutan,186694,18848,190186,191776,199719,202299,,,,,,,,
Pakpak Bharat,47183,48119,48935,49688,53315,54609,,,,,,,,
Samosir,125099,125816,126188,12671,137696,139337,,,,,,,,
Serdang Bedagai,612924,614618,616396,617772,662076,667998,,,,,,,,
Batu Bara,409091,412992,416493,420103,413171,416367,,,,,,,,
Padang Lawas Utara,262895,267771,272713,277423,263551,267275,,,,,,,,
Padang Lawas,269799,275515,281239,286627,263719,267275,,,,,,,,
Labuhan Batu Selatan,326825,332922,338982,344819,316798,320324,,,,,,,,
Labuhan Batu Utara,357691,360926,363816,366603,385869,390954,,,,,,,,
Nias Utara,13609,137002,137967,138800,14879,15078,,,,,,,,
Nias Barat,81279,81663,82154,82425,90585,91346,,,,,,,,
Kota Sibolga,87090,87317,87626,87791,89932,90366,,,,,,,,
Kota Tanjung Balai,171187,173302,175223,177005,17764,179748,,,,,,,,
Kota Pematang Siantar,251513,253500,255317,25711,270768,274056,,,,,,,,
Kota Tebing Tinggi,160686,162581,164402,166100,174969,177785,,,,,,,,
Kota Medan,2247425,2264145,2279894,2295003,2460858,2494512,,,,,,,,
Kota Binjai,270926,273892,276597,279302,295361,300009,,,,,,,,
Kota Padangsidimpuan,216013,218892,221827,224483,227674,231062,,,,,,,,
Kota Gunungsitoli,139281,140927,142426,143776,136707,137583,,,,,,,,
SUMATERA BARAT,5321500,5382100,5441200,5534472,5580232,5640629,,,,,,,,
Kepulauan Mentawai,88700,90400,92000,87623,88389,89401,,,,,,,,
Pesisir Selatan,457300,460700,463900,504418,509618,516518,,,,,,,,
Solok,368700,371100,373400,391497,394237,397829,,,,,,,,
Sijunjung,230100,233800,237400,235045,237313,240317,,,,,,,,
Tanah Datar,346600,347400,348200,371704,373693,376276,,,,,,,,
Padang Pariaman,411000,413300,415600,430626,433018,436129,,,,,,,,
Agam,484300,487900,491300,529138,534202,540905,,,,,,,,
Lima Puluh Kota,376100,379500,382800,383525,385634,388375,,,,,,,,
Pasaman,275700,278500,281200,299851,303103,307425,,,,,,,,
Solok Selatan,165600,168400,171100,182027,184854,188649,,,,,,,,
Dharmasraya,235500,241600,247600,228591,231217,234713,,,,,,,,
Pasaman Barat,427300,435600,443700,431672,436313,442479,,,,,,,,
Kota Padang,92700,939100,950900,909040,913448,919145,,,,,,,,
Kota Solok,68600,69800,71000,73438,74469,75850,,,,,,,,
Kota Sawah Lunto,61400,61900,62500,65138,65687,66413,,,,,,,,
Kota Padang Panjang,52400,53000,53700,56311,56971,57850,,,,,,,,
Kota Bukittinggi,126800,128800,130800,121028,121588,122311,,,,,,,,
Kota Payakumbuh,131800,133700,135600,139576,141184,143325,,,,,,,,
Kota Pariaman,86600,87600,88500,94224,95294,96719,,,,,,,,
RIAU,6657911,6814909,6971745,6394087,6493603,6614384,,,,,,,,
Kuantan Singingi,321216,324413,327316,334943,339894,34585,,,,,,,,
Indragiri Hulu,425897,433934,441789,444548,453241,464076,,,,,,,,
Indragiri Hilir,722234,731396,740598,654909,658025,660747,,,,,,,,
Pelalawan,438788,46078,483622,390046,399264,410988,,,,,,,,
Siak,465414,47767,489996,45794,466683,47755,,,,,,,,
Kampar,832387,851837,871117,841332,857752,87821,,,,,,,,
Rokan Hulu,641208,66641,69212,561385,570952,582679,,,,,,,,
Bengkalis,559081,566228,573003,565569,573504,582973,,,,,,,,
Rokan Hilir,679663,697218,714497,637161,646791,658407,,,,,,,,
Kepulauan Meranti,183297,184372,185516,206116,20946,213532,,,,,,,,
Kota Pekanbaru,1091088,1117359,1143359,983356,994585,1007540,,,,,,,,
Kota Dumai,297638,303292,308812,316782,323452,331832,,,,,,,,
JAMBI,3515017,3570300,3624600,3548200,3585100,3631100,,,,,,,,
Kerinci,236782,237800,238700,250300,251900,253900,,,,,,,,
Merangin,377905,383500,388900,354100,355700,357600,,,,,,,,
Sarolangun,290231,296000,301900,290100,293600,298100,,,,,,,,
Batang Hari,266971,270000,272900,301700,306700,313200,,,,,,,,
Muaro Jambi,421179,432300,443400,402000,406800,412800,,,,,,,,
Tanjung Jabung Timur,216777,218400,220000,229800,231800,234200,,,,,,,,
Tanjung Jabung Barat,322527,328300,333900,317500,320600,324500,,,,,,,,
Tebo,343003,348800,354500,337700,340900,344800,,,,,,,,
Bungo,359590,367200,374800,362400,367200,373300,,,,,,,,
Kota Jambi,591134,598100,604700,606200,612200,619600,,,,,,,,
Kota Sungai Penuh,88918,89900,90900,96600,97800,99200,,,,,,,,
SUMATERA SELATAN,8266983,8391489,8497196,8467432,8550849,8657008,,,,,,,,
Ogan Komering Ulu,359092,36426,368756,367603,371106,375538,,,,,,,,
Ogan Komering Ilir,809203,821528,832151,769348,772742,77669,,,,,,,,
Muara Enim,618762,628661,637556,6129,617846,624019,,,,,,,,
Lahat,401494,405605,409348,430071,434939,441174,,,,,,,,
Musi Rawas,394384,400239,405175,39557,398732,402674,,,,,,,,
Musi Banyuasin,629791,640065,649085,622206,62707,633124,,,,,,,,
Banyu Asin,833625,846269,857097,836914,843871,852576,,,,,,,,
Ogan Komering Ulu Selatan,352926,358510,363004,408981,416616,426687,,,,,,,,
Ogan Komering Ulu Timur,663481,670653,67708,649853,653062,656857,,,,,,,,
Ogan Ilir,419773,424774,429595,416549,419401,422907,,,,,,,,
Empat Lawang,244312,247544,250465,333622,343839,357673,,,,,,,,
Penukal Abab Lematang Ilir,184671,187554,190062,194900,197290,200368,,,,,,,,
Musi Rawas Utara,187635,190222,192540,188861,190420,192369,,,,,,,,
Kota Palembang,1623099,1651857,1674243,1668848,1686073,1707996,,,,,,,,
Kota Prabumulih,182128,185895,188669,193196,195748,199047,,,,,,,,
Kota Pagar Alam,136605,137964,139192,143844,145266,147071,,,,,,,,
Kota Lubuklinggau,226002,229889,233178,234166,236828,240238,,,,,,,,
BENGKULU,1975815,1999539,2001578,2010670,2037019,2060100,,,,,,,,
Bengkulu Selatan,165724,167997,168936,166250,170559,170090,,,,,,,,
Rejang Lebong,276875,278865,279436,276650,281748,281280,,,,,,,,
Bengkulu Utara,280893,284505,285852,296520,293465,302830,,,,,,,,
Kaur,127528,129843,130266,126550,131606,129660,,,,,,,,
Seluma,209257,211619,212367,207880,213662,213760,,,,,,,,
Mukomuko,176185,180951,182338,190500,190936,196570,,,,,,,,
Lebong,113961,112900,107119,106290,108856,107250,,,,,,,,
Kepahiang,148795,151019,151682,149740,152932,154000,,,,,,,,
Bengkulu Tengah,110162,113056,114043,116710,118561,119810,,,,,,,,
Kota Bengkulu,366435,368784,369539,373590,374694,384840,,,,,,,,
LAMPUNG,8289577,8370485,8447737,9007848,9081792,9176546,,,,,,,,
Lampung Barat,298286,300703,302828,302139,302749,303397,,,,,,,,
Tanggamus,586624,592603,598299,640275,645807,652898,,,,,,,,
Lampung Selatan,992763,1002285,1011286,1064301,1071727,1081115,,,,,,,,
Lampung Timur,1027476,1036193,1044320,1110340,1118115,1127946,,,,,,,,
Lampung Tengah,1261498,1271566,1281310,1460045,1477395,1500022,,,,,,,,
Lampung Utara,612100,614701,616897,633099,634117,635129,,,,,,,,
Way Kanan,441922,446113,450109,473575,476871,481036,,,,,,,,
Tulangbawang,440511,445797,450902,430021,430630,431208,,,,,,,,
Pesawaran,435827,440192,444380,477468,481708,487153,,,,,,,,
Pringsewu,393901,397219,400187,405466,406823,408415,,,,,,,,
Mesuji,198092,199168,200198,227518,229772,232685,,,,,,,,
Tulang Bawang Barat,269162,271206,273215,286162,287707,289620,,,,,,,,
Pesisir Barat,152529,153743,154895,162697,163641,164816,,,,,,,,
Kota Bandar Lampung,1015910,1033803,1051500,1166066,1184949,1209937,,,,,,,,
Kota Metro,162976,165193,167411,168676,169781,171169,,,,,,,,
KEP BANGKA BELITUNG,1430865,1459873,1488792,1455678,1473165,1494621,,,,,,,,
Bangka,324305,330793,337337,326265,329911,334344,,,,,,,,
Belitung,182418,186155,189824,182079,184004,186331,,,,,,,,
Bangka Barat,204778,209011,213163,204612,206786,209413,,,,,,,,
Bangka Tengah,188603,192429,196196,198946,201861,205510,,,,,,,,
Bangka Selatan,201782,205901,209973,198189,200051,202263,,,,,,,,
Belitung Timur,124587,127064,129572,127018,128564,130463,,,,,,,,
Kota Pangkal Pinang,204392,208520,212727,218569,221988,226297,,,,,,,,
KEPULAUAN RIAU,2878407,29559031,2189650,2064564,2082785,2179820,,,,,,,,
Karimun,235404,237265,232800,253457,260620,266177,,,,,,,,
Bintan,158058,159375,159400,159518,168754,165781,,,,,,,,
Natuna,75968,77967,77770,81495,82656,85446,,,,,,,,
Lingga,86222,88433,89780,98633,101994,102853,,,,,,,,
Kepulauan Anambas,44519,45146,42310,47402,47916,50296,,,,,,,,
Kota Batam,1433101,1482768,1376010,1196396,1193088,1269413,,,,,,,,
Kota Tanjung Pinang,217736,220142,211580,227663,227757,239854,,,,,,,,
DKI JAKARTA,10374235,10467629,10557810,10562088,10609681,10679951,,,,,,,,
Kep Seribu,23897,24134,24295,27749,28240,28925,,,,,,,,
Kota Jakarta Selatan,2226830,2246137,2264699,2226812,2233855,2244623,,,,,,,,
Kota Jakarta Timur,2892783,2916018,2937859,3037139,3056300,3083883,,,,,,,,
Kota Jakarta Pusat,921344,924686,928109,1056896,1066460,1079995,,,,,,,,
Kota Jakarta Barat,2528065,2559362,2589933,2434511,2440073,2448975,,,,,,,,
Kota Jakarta Utara,1781316,1797292,1812915,1778981,1784753,1793550,,,,,,,,
JAWA BARAT,48037827,48475500,49023200,48274200,48782400,49405800,,,,,,,,
Bogor,5715009,5840907,5965410,6088233,5327131,5473476,,,,,,,,
Sukabumi,2453498,2460693,2466272,2470219,353631,2708966,,,,,,,,
Cianjur,2256589,2260620,2263072,2264328,2437838,2506384,,,,,,,,
Bandung,3657601,3717291,3775279,3831505,2527854,3708344,,,,,,,,
Garut,2588839,2606399,2622425,2636637,2628725,2759490,,,,,,,,
Tasikmalaya,1747318,1751295,1754128,1755710,731606,1939683,,,,,,,,
Ciamis,1181981,1188629,1195176,1201685,1263198,1267878,,,,,,,,
Kuningan,1068201,1074497,1080804,1087105,1198814,1218332,,,,,,,,
Cirebon,2159577,2176213,2192903,2209633,2365048,2411302,,,,,,,,
Majalengka,1193725,1199300,1205034,1210709,1323854,1340016,,,,,,,,
Sumedang,1146435,1149906,1152400,1154428,1165047,1187620,,,,,,,,
Indramayu,1709994,1719187,1728469,1737624,1885172,1912850,,,,,,,,
Subang,1562509,1579018,1595825,1612576,1596179,1618380,,,,,,,,
Purwakarta,943337,953414,962893,971889,1001338,1020994,,,,,,,,
Karawang,2316489,2336009,2353915,2370488,2406895,2509839,,,,,,,,
Bekasi,3500023,3630907,3763886,3899017,3022787,3147268,,,,,,,,
Bandung Barat,1666510,1683711,1699896,1714982,1780767,3708344,,,,,,,,
Pangandaran,395098,397187,399284,401493,432599,436748,,,,,,,,
Kota Bogor,1081009,1096828,1112081,1126927,1091396,1114018,,,,,,,,
Kota Sukabumi,323788,326282,328680,330691,353631,358854,,,,,,,,
Kota Bandung,2497938,2503708,2507888,2510103,2527854,2545005,,,,,,,,
Kota Cirebon,313325,316277,319312,322322,343667,346438,,,,,,,,
Kota Bekasi,2859630,2931897,3003923,3075690,2468448,2486251,,,,,,,,
Kota Depok,2254513,2330333,2406826,2484186,1893321,1920182,,,,,,,,
Kota Cimahi,601099,607811,614304,620393,560746,566537,,,,,,,,
Kota Tasikmalaya,661404,662723,663517,663986,731606,746710,,,,,,,,
Kota Banjar,182388,182819,183110,183299,205732,207625,,,,,,,,
JAWA TENGAH,34257865,34490835,34718204,36516035,36742501,37032410,,,,,,,,
Cilacap,1711627,1719504,1727098,1944857,1963824,1988622,,,,,,,,
Banyumas,1665025,1679124,1693006,1776918,1789630,1806013,,,,,,,,
Purbalingga,916427,925193,933989,998561,1007794,1019840,,,,,,,,
Banjarnegara,912917,918219,923192,1017767,1026866,1038718,,,,,,,,
Kebumen,1192007,1195092,1197982,1350438,1361913,1376825,,,,,,,,
Purworejo,714574,716477,718316,769880,773588,778257,,,,,,,,
Wonosobo,784207,787384,790504,879124,886613,896346,,,,,,,,
Magelang,1268396,1279625,1290591,1299859,1305512,1312573,,,,,,,,
Boyolali,974579,979799,984807,1062713,1070247,1079952,,,,,,,,
Klaten,1167401,1171411,1174986,1260506,1267272,1275850,,,,,,,,
Sukoharjo,878374,885205,891912,907587,911603,916627,,,,,,,,
Wonogiri,954706,957106,959492,1043177,1049292,1057087,,,,,,,,
Karanganyar,871596,879078,886519,931963,938808,947642,,,,,,,,
Sragen,885122,887889,890518,976951,983641,992243,,,,,,,,
Grobogan,1365207,1371610,1377788,1453526,1460873,1470150,,,,,,,,
Blora,858865,862110,865013,884333,886147,888224,,,,,,,,
Rembang,628922,633584,638188,645333,647766,650770,,,,,,,,
Pati,1246691,1253299,1259590,1324188,1330983,1339572,,,,,,,,
Kudus,851478,861430,871311,849184,852443,856472,,,,,,,,
Jepara,1223198,1240600,1257912,1184947,1188510,1192811,,,,,,,,
Demak,1140675,1151796,1162805,1203956,1212377,1223217,,,,,,,,
Semarang,1027489,1040629,1053786,1053094,1059844,1068492,,,,,,,,
Temanggung,759128,765594,772018,790174,794403,799764,,,,,,,,
Kendal,957024,964106,971086,1018505,1025020,1033367,,,,,,,,
Batang,756079,762377,768583,801718,807005,813791,,,,,,,,
Pekalongan,886197,891892,897711,968821,976504,986455,,,,,,,,
Pemalang,1296281,1299724,1302813,1471489,1484209,1500754,,,,,,,,
Tegal,1433515,1437225,1440698,1596996,1608611,1623595,,,,,,,,
Brebes,1796004,1802829,1809096,1978759,1992685,2010617,,,,,,,,
Kota Magelang,121474,121872,122111,121526,121610,121675,,,,,,,,
Kota Surakarta,516102,517887,519587,522364,522728,523008,,,,,,,,
Kota Salatiga,188928,191571,194084,192322,193525,195065,,,,,,,,
Kota Semarang,1757686,1786114,1814110,1653524,1656564,1659975,,,,,,,,
Kota Pekalongan,301870,304477,307097,307150,308310,309742,,,,,,,,
Kota Tegal,248094,249003,249905,273825,275781,278299,,,,,,,,
D I YOGYAKARTA,3762167,3818266,3842932,3668719,3712896,3761870,,,,,,,,
Kulon Progo,421295,426767,430220,436395,443283,451342,,,,,,,,
Bantul,995264,1009171,1018402,98577,998647,1013170,,,,,,,,
Gunung Kidul,729364,740 181	,742731,747161,758168,770883,,,,,,,,
Sleman,1192512,1 214 346	,1219640,1125804,1136474,1147562,,,,,,,,
Kota Yogyakarta,422732,427 801	,431939,373589,376324,378913,,,,,,,,
JAWA TIMUR,39292971,39500851,39698631,40665696,40878789,41149974,,,,,,,,
Pacitan,553388,554394,555304,586110,589108,592916,,,,,,,,
Ponorogo,869894,870705,871370,949318,955839,964253,,,,,,,,
Trenggalek,693104,694902,696295,731125,734888,739669,,,,,,,,
Tulungagung,1030790,1035290,1039284,1089775,1096588,1105337,,,,,,,,
Blitar,1153803,1157500,1160677,1223745,1231013,1240322,,,,,,,,
Kediri,1561392,1568113,1574272,1635294,1644400,1656020,,,,,,,,
Malang,2576596,2591795,2606204,2654448,2668296,2685900,,,,,,,,
Lumajang,1036823,1039794,1042395,1119251,1127094,1137227,,,,,,,,
Jember,2430185,2440714,2450668,2536729,2550360,2567718,,,,,,,,
Banyuwangi,1604897,1609677,1613991,1708114,1718462,1731731,,,,,,,,
Bondowoso,768912,772297,775715,776151,778525,781417,,,,,,,,
Situbondo,676703,679993,682978,685967,688337,691260,,,,,,,,
Probolinggo,1155214,1162092,1168503,1152537,1155894,1159965,,,,,,,,
Pasuruan,1605307,1616578,1627396,1605969,1611805,1619035,,,,,,,,
Sidoarjo,2183682,2216804,2249476,2082801,2091930,2103401,,,,,,,,
Mojokerto,1099504,1108718,1117688,1119209,1125522,1133584,,,,,,,,
Jombang,1253078,1258618,1263814,1318062,1325914,1335972,,,,,,,,
Nganjuk,1048799,1051900,1054611,1103902,1109683,1117033,,,,,,,,
Madiun,679888,681394,682684,744350,750143,757665,,,,,,,,
Magetan,628609,628924,628977,670812,674133,678343,,,,,,,,
Ngawi,829899,830090,830108,870057,873346,877432,,,,,,,,
Bojonegoro,1243906,1246927,1249692,1301635,1307602,1315125,,,,,,,,
Tuban,1163614,1168277,1172790,1198012,1203127,1209543,,,,,,,,
Lamongan,1188478,1188913,1189106,1344165,1356027,1371509,,,,,,,,
Gresik,1285018,1299024,1312881,1311215,1320570,1332664,,,,,,,,
Bangkalan,970894,978892,986672,1060377,1071712,1086620,,,,,,,,
Sampang,958082,968520,978875,969694,976020,984162,,,,,,,,
Pamekasan,863004,871497,879992,850057,853507,857818,,,,,,,,
Sumenep,1081204,1085227,1088910,1124436,1129822,1136632,,,,,,,,
Kota Kediri,284002,285582,287409,286796,287962,289418,,,,,,,,
Kota Blitar,139995,140971,141876,149149,150371,151960,,,,,,,,
Kota Malang,861414,866118,870682,843810,844933,846126,,,,,,,,
Kota Probolinggo,233123,235211,237208,239649,241202,243200,,,,,,,,
Kota Pasuruan,197696,199078,200422,208006,209528,211497,,,,,,,,
Kota Mojokerto,127279,128282,129014,132434,133272,134350,,,,,,,,
Kota Madiun,176099,176697,177007,195175,196917,199192,,,,,,,,
Kota Surabaya,2874699,2885555,2896195,2874314,2880284,2887223,,,,,,,,
Kota Batu,203997,205788,207490,213046,214653,216735,,,,,,,,
BANTEN,12448160,12689736,12927316,11904562,12061500,12252000,,,,,,,,
Pandeglang,1205203,1209011,1211909,1272687,1288168.2,1307288.4,,,,,,,,
Lebak,1288103,1295810,1302608,1386793,1407577.05,1433484,,,,,,,,
Tangerang,3584770,3692693,3800787,3245619,3293995.65,3352147.2,,,,,,,,
Serang,1493591,1501501,1508397,1622630,1647600.9,1678524,,,,,,,,
Kota Tangerang,2139891,2185304,2229901,1895486,1911747.75,1930915.2,,,,,,,,
Kota Cilegon,425103,431305,437205,434896,441450.9,450873.6,,,,,,,,
Kota Serang,666600,677804,688603,692101,704391.6,720417.6,,,,,,,,
Kota Tangerang Selatan,1644899,1696308,1747906,1354350,1365361.8,1378350,,,,,,,,
BALI,4246500,4292200,4336900,4317404,4362700,4415064,,,,,,,,
Jembrana,274900,276600,278100,317064,321900,327854,,,,,,,,
Tabanan,441000,443500,445700,461630,465300,46934,,,,,,,,
Badung,643500,656900,670200,548191,549300,549527,,,,,,,,
Gianyar,503900,508100,512200,515344,519500,523972,,,,,,,,
Klungkung,177400,178300,179100,206925,210100,214012,,,,,,,,
Bangli,225100,226200,227300,258721,262500,267133,,,,,,,,
Karangasem,412800,414800,416600,492402,500800,511277,,,,,,,,
Buleleng,653600,657200,660600,791813,806600,825141,,,,,,,,
Kota Denpasar,914300,930600,947100,725314,726600,726808,,,,,,,,
NUSA TENGGARA BARAT,4955578,5013687,5070385,5299870,5387148,5473970,,,,,,,,
Lombok Barat,675222,685161,694985,718548,730360,742074,,,,,,,,
Lombok Tengah,930797,939409,947488,1029025,1049364,1069583,,,,,,,,
Lombok Timur,1183204,1192110,1200612,1321315,1344733,1368136,,,,,,,,
Sumbawa,449680,453797,457671,508028,515211,522357,,,,,,,,
Dompu,245387,248879,252288,235758,239605,243404,,,,,,,,
Bima,478967,483901,488577,512063,519859,527664,,,,,,,,
Sumbawa Barat,140890,144707,148606,145093,147736,150338,,,,,,,,
Lombok Utara,216515,218533,220412,246598,250369,254145,,,,,,,,
Kota Mataram,468509,477476,486715,428891,433073,437162,,,,,,,,
Kota Bima,166407,169714,173031,154551,156838,159107,,,,,,,,
NUSA TENGGARA TIMUR,5287302,5371519,5456203,5541394,5387738,5466285,,,,,,,,
Sumba Barat,125776,127872,129710,131600,148252,152407,,,,,,,,
Sumba Timur,252704,255601,258486,261503,246618,248776,,,,,,,,
Kupang,372777,387479,403582,421618,372101,379464,,,,,,,,
Timor Tengah Selatan,463980,465970,467990,469673,457406,459600,,,,,,,,
Timor Tengah Utara,249711,251993,254171,256299,262698,266293,,,,,,,,
Belu,213596,216783,220115,223176,220764,224306,,,,,,,,
Alor,202890,204380,205599,206806,213994,216629,,,,,,,,
Lembata,137714,140390,143074,145685,137631,139787,,,,,,,,
Flores Timur,251611,253818,255916,257785,281001,286270,,,,,,,,
Sikka,317292,318920,320401,321790,324252,326999,,,,,,,,
Ende,272084,272988,273929,274599,272078,273553,,,,,,,,
Ngada,159081,161196,163217,165314,167396,170115,,,,,,,,
Manggarai,329198,333912,338424,342908,315041,317646,,,,,,,,
Rote Ndao,159614,165807,172104,178805,145972,148811,,,,,,,,
Manggarai Barat,263207,269029,274689,280412,259566,263687,,,,,,,,
Sumba Tengah,70719,71801,72800,73820,87630,90482,,,,,,,,
Sumba Barat Daya,331894,338427,344720,350923,305689,308106,,,,,,,,
Nagekeo,142804,144414,145826,147189,162463,166002,,,,,,,,
Manggarai Timur,280118,283313,287207,289836,277914,280732,,,,,,,,
Sabu Raijua,91512,94406,97379,100684,90837,92792,,,,,,,,
Malaka,186312,189220,191892,194776,185809,188191,,,,,,,,
Kota Kupang,412708,423800,434972,446193,452626,465637,,,,,,,,
KALIMANTAN BARAT,4932499,5001664,5069127,5414390,5470797,5541376,,,,,,,,
Sambas,529684,532609,535725,629905,637811,647844,,,,,,,,
Bengkayang,247084,251320,255261,286366,290943,296855,,,,,,,,
Landak,367790,372609,377305,397610,401103,405396,,,,,,,,
Mempawah,258216,261299,264225,301560,305673,310927,,,,,,,,
Sanggau,457701,463995,470224,484836,488527,492989,,,,,,,,
Ketapang,495087,504008,512783,570657,579927,591917,,,,,,,,
Sintang,407901,413369,418785,421306,423674,426416,,,,,,,,
Kapuas Hulu,254712,258984,263207,252609,253740,254995,,,,,,,,
Sekadau,197683,199576,201578,211559,212878,214429,,,,,,,,
Melawi,202306,205298,208417,228270,231242,235025,,,,,,,,
Kayong Utara,109101,110899,112715,126571,128550,131104,,,,,,,,
Kubu Raya,562917,570914,579331,609392,615125,622217,,,,,,,,
Kota Pontianak,627021,637723,646661,658685,663713,669795,,,,,,,,
Kota Singkawang,215296,219061,222910,235064,237891,241467,,2500663,,,,,,
KALIMANTAN TENGAH,2500663,2612600,2649800,2669969,2702170,2741075,,,,,,,,
Kotawaringin Barat,290493,301252,312011,270388,272531,274935,,,,,,,,
Kotawaringin Timur,453492,453492,470288,428895,432283,436079,,,,,,,,
Kapuas,359976,359976,359976,410446,416181,423210,,,,,,,,
Barito Selatan,13245,13245,13245,131140,131606,131997,,,,,,,,
Barito Utara,132800,132800,132800,154812,157231,160235,,,,,,,,
Sukamara,61232,61232,65059,63464,64941,66845,,,,,,,,
Lamandau,76968,83382,83382,97611,100535,104387,,,,,,,,
Seruyan,196848,196848,213252,162906,164378,166072,,,,,,,,
Katingan,157500,175000,175000,162222,163099,163989,,,,,,,,
Pulang Pisau,125958,125958,125958,134499,135336,136221,,,,,,,,
Gunung Mas,118855,118855,118855,135373,138407,142309,,,,,,,,
Barito Timur,118854,122688,126522,113229,114243,115406,,,,,,,,
Murung Raya,118500,118500,118500,111527,112445,113483,,,,,,,,
Kota Palangka Raya,275942,283141,292739,293457,298954,305907,,,,,,,,
KALIMANTAN SELATAN,4119794,4182695,4244096,4073584,4122576,4182080,,,,,,,,
Tanah Laut,334328,339195,343890,348966,354340,361044,,,,,,,,
Kotabaru,331326,336719,342217,325622,329483,334158,,,,,,,,
Banjar,571573,580026,588066,565635,572109,579910,,,,,,,,
Barito Kuala,306195,310016,313595,313021,316963,321769,,,,,,,,
Tapin,186672,189081,191372,189475,191801,194628,,,,,,,,
Hulu Sungai Selatan,232587,235217,237702,228006,229960,232212,,,,,,,,
Hulu Sungai Tengah,266501,269384,272419,258721,260754,263061,,,,,,,,
Hulu Sungai Utara,231594,234604,237573,226727,228831,231290,,,,,,,,
Tabalong,247106,250809,254322,253305,256903,261353,,,,,,,,
Tanah Bumbu,343193,351673,360187,322646,328146,335079,,,,,,,,
Balangan,127503,129505,131428,130355,132213,134512,,,,,,,,
Kota Banjarmasin,692793,700869,708606,657663,662320,667489,,,,,,,,
Kota Banjar Baru,248423,255597,262719,253442,258753,265575,,,,,,,,
KALIMANTAN TIMUR,4159696,4244134,4328572,3766039,3808235,3859783,,,,,,,,
Paser,191030,195050,199147,275452,277602,280065,,,,,,,,
Kutai Barat,218523,219542,220154,172288,173982,175998,,,,,,,,
Kutai Kartanegara,788994,806988,824709,729382,733626,738189,,,,,,,,
Kutai Timur,400015,416458,432902,434459,449161,468820,,,,,,,,
Berau,375168,385148,395128,248035,252648,258537,,,,,,,,
Penajam Paser Utara,179785,181685,183452,178681,180657,183043,,,,,,,,
Mahakam Ulu,20675,20675,20828,32513,32969,33535,,,,,,,,
Kota Balikpapan,661773,671884,681718,688318,695287,703611,,,,,,,,
Kota Samarinda,845179,859841,874560,827994,831460,834824,,,,,,,,
Kota Bontang,156661,159961,163189,178917,180843,183161,,,,,,,,
KALIMANTAN UTARA,691058,679209,754677,701800,713600,727755,,,,,,,,
Malinau,83788,85241,85241,82500,83800,85316,,,,,,,,
Bulungan,135770,139257,139257,151800,154500,157593,,,,,,,,
Tana Tidung,25084,28971,28971,25600,26400,27571,,,,,,,,
Nunukan,193390,207629,207629,199100,203200,208303,,,,,,,,
Kota Tarakan,253026,262086,270864,242800,245700,248972,,,,,,,,
SULAWESI UTARA,2461028,2484392,2506981,2621923,2638631,2659543,,,,,,,,
Bolaang Mongondow,240505,244185,247811,248751,250478,252648,,,,,,,,
Minahasa,335321,338364,341176,347290,348673,350317,,,,,,,,
Kepulauan Sangihe,130493,130833,131163,139262,139684,140165,,,,,,,,
Kepulauan Talaud,90678,91599,92475,94521,94983,95545,,,,,,,,
Minahasa Selatan,208013,209501,210695,236463,238746,241680,,,,,,,,
Minahasa Utara,200985,202317,203624,224993,226915,229368,,,,,,,,
Bolaang Mongondow Utara,78437,79366,80313,83112,83743,84543,,,,,,,,
Siau Tagulandang Biaro,65976,66225,66403,71817,72135,72517,,,,,,,,
Minahasa Tenggara,105714,106303,106899,116323,117079,118023,,,,,,,,
Bolaang Mongondow Selatan,64171,65127,66071,69791,70529,71481,,,,,,,,
Bolaang Mongondow Timur,70610,71477,72408,88241,89981,92299,,,,,,,,
Kota Manado,430133,431880,433635,451916,453182,454606,,,,,,,,
Kota Bitung,212409,215711,219004,225134,227177,229795,,,,,,,,
Kota Tomohon,103711,105306,106917,100587,100853,101151,,,,,,,,
Kota Kotamobagu,123872,126198,128387,123722,124473,125405,,,,,,,,
SULAWESI TENGAH,807770,3010440,3054020,2985734,3021880,3066143,,,,,,,,
Banggai Kepulauan,11575,117600,118400,120142,121680,123576,,,,,,,,
Banggai,93375,371300,376810,362275,366220,370971,,,,,,,,
Morowali,12858,119300,121300,161727,167910,176244,,,,,,,,
Poso,58486,251200,256390,244875,248350,252650,,,,,,,,
Donggala,35684,301600,304110,300436,302970,305890,,,,,,,,
Toli-Toli,63807,233400,235800,225154,226800,228641,,,,,,,,
Buol,31920,158800,162180,145254,146630,148246,,,,,,,,
Parigi Moutong,57421,482800,490920,440015,443170,446712,,,,,,,,
Tojo Una-Una,24903,152500,153990,163829,166340,169478,,,,,,,,
Sigi,36186,237000,239420,257585,261680,266812,,,,,,,,
Banggai Laut,7165,73700,75000,70435,70870,71345,,,,,,,,
Morowali Utara,13464,125600,128320,120789,122240,124006,,,,,,,,
Kota Palu,360926,385600,391380,373218,377030,381572,,,,,,,,
SULAWESI SELATAN,8674372,8748052,8819549,9073509,9139531,9225747,,,,,,,,
Kepulauan Selayar,132308,133315,134286,137071,137974,139145,,,,,,,,
Bulukumba,414791,416773,418627,437607,440090,443292,,,,,,,,
Bantaeng,185520,186525,187472,196716,197886,199399,,,,,,,,
Jeneponto,359920,361892,363755,401610,405508,410639,,,,,,,,
Takalar,291110,293136,295078,300853,302695,305077,,,,,,,,
Gowa,742342,751981,761491,765836,773315,783167,,,,,,,,
Sinjai,240856,242127,243323,259478,261366,263827,,,,,,,,
Maros,345626,348682,351649,391774,396924,403774,,,,,,,,
Pangkajene dan Kepulauan,329272,331979,334597,345775,348230,351426,,,,,,,,
Barru,172694,173357,173965,184452,185525,186910,,,,,,,,
Bone,748711,751323,753694,801775,806750,813188,,,,,,,,
Soppeng,227545,228153,228686,235167,235574,236049,,,,,,,,
Wajo,398081,400262,402323,379079,379396,379706,,,,,,,,
Sidenreng Rappang,294445,296684,298842,319990,323194,327416,,,,,,,,
Pinrang,372028,374460,376784,403994,407371,411795,,,,,,,,
Enrekang,203573,205254,206881,225172,227520,230622,,,,,,,,
Luwu,357231,360537,363754,365608,367454,369820,,,,,,,,
Tana Toraja,232740,234529,236255,280794,285179,291046,,,,,,,,
Luwu Utara,308142,310744,313264,322919,325052,327820,,,,,,,,
Luwu Timur,285011,289661,294288,296741,300511,305521,,,,,,,,
Toraja Utara,229709,231686,233603,261086,264145,268198,,,,,,,,
Kota Makasar,1485941,1503664,1521091,1423877,1427619,1432189,,,,,,,,
Kota Parepare,141670,143075,144446,151454,152922,154854,,,,,,,,
Kota Palopo,175106,178253,181395,184681,187331,190867,,,,,,,,
SULAWESI TENGGARA,2602389,2653654,2704737,2615030,2659940,2704610,,,,,,,,
Buton,100440,101618,102641,114800,116600,118410,,,,,,,,
Muna,218680,221343,224099,214750,218060,221370,,,,,,,,
Konawe,244324,249010,254695,255640,260290,264930,,,,,,,,
Kolaka,251520,256827,261664,237130,240100,243040,,,,,,,,
Konawe Selatan,304214,309298,314785,307470,312920,318350,,,,,,,,
Bombana,175497,180035,184570,150160,152860,155510,,,,,,,,
Wakatobi,95386,95737,95892,110880,112760,114620,,,,,,,,
Kolaka Utara,144681,147863,150831,137000,139890,142770,,,,,,,,
Buton Utara,62088,63070,64072,66270,67200,68090,,,,,,,,
Konawe Utara,60884,62403,63814,67510,69100,70680,,,,,,,,
Kolaka Timur,128154,130860,133324,120330,122170,123980,,,,,,,,
Konawe Kepulauan,33212,33680,34219,36900,37610,38310,,,,,,,,
Muna Barat,79649,80619,81624,84200,85900,87590,,,,,,,,
Buton Tengah,91099,92165,93091,113960,115800,117630,,,,,,,,
Buton Selatan,79053,79979,80784,94680,96320,97950,,,,,,,,
Kota Kendari,370728,381628,392830,344540,351060,357650,,,,,,,,
Kota Baubau,162780,167519,171802,158820,161280,163720,,,,,,,,
GORONTALO,1168190,1185492,1202631,1171681,1180948,1192737,,,,,,,,
Boalemo,158333,162577,167024,145868,147038,148526,,,,,,,,
Kab Gorontalo,374923,377048,378527,393107,395635,398801,,,,,,,,
Pohuwato,153991,157551,161373,146432,147689,149297,,,,,,,,
Bone Bolango,157186,159194,161236,162778,164277,166200,,,,,,,,
Gorontalo Utara,112975,114036,115072,124957,126521,128563,,,,,,,,
Kota Gorontalo,210782,215086,219399,198539,199788,201350,,,,,,,,
SULAWESI BARAT,1330961,1355554,1380256,1419229,1436840,1458606,,,,,,,,
Majene,169072,171272,173884,174407,175790,17739,,,,,,,,
Polewali Mandar,432692,437662,442576,478534,483920,490493,,,,,,,,
Mamasa,156973,159201,161971,163383,164800,166471,,,,,,,,
Mamuju,279393,286389,293326,278764,281850,285616,,,,,,,,
Mamuju Utara / Pasangkayu,165230,170203,174471,188861,193100,198608,,,,,,,,
Mamuju Tengah,127601,130827,134028,135280,137380,140028,,,,,,,,
MALUKU,1744654,1773776,1802870,1848923,1862626,1881727,,,,,,,,
Maluku Tenggara Barat / Kepulauan Tanimbar,111825,112429,113012,123572,124075,124787,,,,,,,,
Maluku Tenggara,99284,99591,99790,121511,122640,124199,,,,,,,,
Maluku Tengah,371479,372529,373378,423094,424730,427050,,,,,,,,
Buru,135687,139658,143688,135238,136393,137990,,,,,,,,
Kepulauan Aru,93780,95005,96114,102237,102916,103860,,,,,,,,
Seram Bagian Barat,170494,170969,171586,212393,214733,217958,,,,,,,,
Seram Bagian Timur,111573,113180,114677,137972,140271,143438,,,,,,,,
Maluku Barat Daya,72673,72840,73103,81928,82187,82560,,,,,,,,
Buru Selatan,61330,62271,63328,75410,76715,78515,,,,,,,,
Kota Ambon,444797,461699,478616,347288,347644,348225,,,,,,,,
Kota Tual,71732,73605,75578,88280,90322,93145,,,,,,,,
MALUKU UTARA,1267437,1232579,1255775,1282937,1299270,1319338,,Maluku Utara[sunting | sunting sumber],,,,,,
Halmahera Barat,114181,116516,118289,132349,134632,137541,,Kabupaten Halmahera Barat,1704.2,,,,,229439513.6
Halmahera Tengah,53075,54190,55729,56802,57799,59096,,Kabupaten Halmahera Tengah,2653.76,,,,,153384389.8
Kepulauan Sula,181738,100980,102897,104082,105309,106778,,Kabupaten Kepulauan Sula,3304.32,,,,,347973572.2
Halmahera Selatan,228169,231184,235096,248395,251720,255795,,Kabupaten Halmahera Selatan,8148.9,,,,,2051237205
Halmahera Utara,187051,190519,193832,197638,199950,202755,,Kabupaten Halmahera Utara,3896.9,,,,,779184917.3
Halmahera Timur,91999,92591,95022,91707,92985,94510,,Kabupaten Halmahera Timur,6571.37,,,,,611038087
Pulau Morotai,64376,65564,67273,74436,76112,78270,,Kabupaten Pulau Morotai,2476,,,,,188453906.2
Pulau Taliabu,24989,52506,53020,58047,58738,59601,,Kabupaten Pulau Taliabu,1469.93,,,,,86341340.43
Kota Ternate,223114,228106,233208,205001,205870,206745,,Kota Ternate,111.39,,,,,22931846.39
Kota Tidore Kepulauan,98744,100422,101410,114480,116156,118247,,Kota Tidore Kepulauan,1645.73,,,,,191160794.1
PAPUA BARAT,915361,937458,"959,617",1134068,1156840,1183307,,,,,,,,
Fakfak,76102,77381,"78,686",85197,85817,86283,,,,,,,,
Kaimana,56882,58404,"60,216",62256,62957,63633,,,,,,,,
Teluk Wondama,31072,32769,"32,521",41644,42609,43746,,,,,,,,
Teluk Bintuni,61794,63091,"64,406",87083,89418,92236,,,,,,,,
Manokwari,166780,170897,"177,346",192663,194905,197097,,,,,,,,
Sorong Selatan,45019,46021,"46,922",52469,53167,53884,,,,,,,,
Sorong,84906,86994,"88,927",118679,121963,125949,,,,,,,,
Raja Ampat,47301,47885,"48,493",64141,65403,66839,,,,,,,,
Tambrauw,13785,13804,"13,879",28379,31385,35742,,,,,,,,
Maybrat,39191,40102,"40,899",42991,43364,43681,,,,,,,,
Manokwari Selatan,22983,23617,"24,220",35949,37149,38648,,,,,,,,
Pegunungan Arfak,29731,30409,"28,808",38207,38936,39760,,,,,,,,
Kota Sorong,239815,247084,"254,294",284410,289767,295809,,,,,,,,
PAPUA,3207444,3265202,3322526,3379302,4367466,4418581,3054526,4968129,,,,,,
Merauke,220006,223389,225714,227411,235373,232357,,,,,,,,
Jayawijaya,210229,212811,214994,217887,273776,277923,,,,,,,,
Jayapura,123780,125975,128587,131802,168401,171331,,,,,,,,
Nabire,142795,145101,147921,150308,171361,173043,,,,,,,,
Kepulauan Yapen,93114,95007,97412,101204,114110,116107,,,,,,,,
Biak Numfor,141801,144697,148404,152401,135170,135796,,,,,,,,
Paniai,167325,170193,173392,177410,223402,227254,,,,,,,,
Puncak Jaya,119779,123591,126113,129300,227790,231499,,,,,,,,
Mimika,205591,210413,215493,219689,316302,321657,,,,,,,,
Boven Digoel,64674,66209,67717,69211,66071,65193,,,,,,,,
Mappi,93592,94671,99599,103292,109974,111141,,,,,,,,
Asmat,90316,92909,95606,97490,111678,113524,,,,,,,,
Yahukimo,184217,187021,189092,190887,354303,361776,,,,,,,,
Pegunungan Bintang,72511,73473,74396,75788,78432,78466,,,,,,,,
Tolikara,133786,136576,137695,139111,240277,244345,,,,,,,,
Sarmi,37511,38210,39406,40515,41515,42233,,,,,,,,
Keerom,54130,55018,55799,57100,61623,62777,,,,,,,,
Waropen,28809,29480,30612,31514,33943,34997,,,,,,,,
Supiori,18486,19104,20018,20710,22887,23247,,,,,,,,
Mamberamo Raya,21821,22313,23307,24086,38915,37616,,,,,,,,
Nduga,95885,97012,97517,98595,1078073,109630,,,,,,,,
Lanny Jaya,174782,176687,177682,178995,198780,201461,,,,,,,,
Mamberamo Tengah,46696,47487,48090,48201,51134,51719,,,,,,,,
Yalimo,59778,60822,61115,62605,103492,105139,,,,,,,,
Puncak,105521,107822,111182,113204,115549,116279,,,,,,,,
Dogiyai,93809,94997,96590,97902,117902,119815,,,,,,,,
Intan Jaya,47300,48318,48812,49293,137006,139236,,,,,,,,
Deiyai,70620,72206,72486,73199,100488,102168,,,,,,,,
Kota Jayapura,288786,293690,29775,300192,40400,410852,,,,,,,,
INDONESIA,,,,,,,,,,,,,,
,,,,,,,,,,,,,,
Metadata Indikator,,,,,,,,,,,,,,
Indikator,,,,,,,,,,,,,,
Indeks Pembangunan Manusia (Metode 2014),,,,,,,,,,,,,,